rmw,host,mode,topic,rate,#subscribers,zero_copy,reliable,transient,#msg received,#msg sent,#msg lost,data received,latency_min (ms),latency_max (ms),latency_mean (ms),latency_variance (ms),cpu usage (%),max ram usage (MB),CPU WIN,CPU COMPARE,RAM WIN,RAM COMPARE,LATENCY_MEAN WIN,LATENCY_MEAN COMPARE,JITTER_MEAN WIN,JITTER_MEAN COMPARE
rmw_cyclonedds_cpp,macOS M1,MultiProcess,Array16k,20,1,False,True,False,477,0,0,8195174,0.08996,0.5901,0.27702000000000004,5.84432e-06,0.04480419208,20.656,CYCLONE,9.445789569305648,CYCLONE,1.0867544012996515,CYCLONE,12.407146028640428,CYCLONE,22.871375195555235
rmw_fastrtps_cpp,macOS M1,MultiProcess,Array16k,20,1,False,True,False,477,0,0,8198947,0.04517,6.505,3.43704,0.003582,0.423220416,22.448, , , , , , , , 
rmw_cyclonedds_cpp,macOS M1,MultiProcess,Array16k,20,3,False,True,False,1431,0,0,24611967,0.08746,0.7501,0.282288,6.220400000000001e-06,0.09469621339999999,21.424,CYCLONE,4.888258390927478,CYCLONE,1.3241224176567206,CYCLONE,13.40484397195782,CYCLONE,24.451057157897036
rmw_fastrtps_cpp,macOS M1,MultiProcess,Array16k,20,3,False,True,False,1431,0,0,24591459,0.06733,7.961,3.7840400000000005,0.00431896,0.462904448,28.368, , , , , , , , 
rmw_cyclonedds_cpp,macOS M1,MultiProcess,Array16k,20,10,False,True,False,4790,0,0,81945523,0.1072,1.059,0.295692,7.5374e-06,0.3370083734,23.104,CYCLONE,1.9590094724647207,CYCLONE,2.1433517077842925,CYCLONE,15.792460423479758,CYCLONE,26.776710335757294
rmw_fastrtps_cpp,macOS M1,MultiProcess,Array16k,20,10,False,True,False,4790,0,0,82083737,0.07537,8.077,4.66972,0.00612444,0.6602045548000001,49.52, , , , , , , , 
rmw_cyclonedds_cpp,macOS M1,MultiProcess,Array16k,100,1,False,True,False,2453,0,0,40567427,0.07312,0.4652,0.170016,1.25864e-06,0.13372823467999997,22.448,CYCLONE,3.712220730103711,CYCLONE,1.0014254721389222,CYCLONE,23.122864184169817,CYCLONE,49.77808975255317
rmw_fastrtps_cpp,macOS M1,MultiProcess,Array16k,100,1,False,True,False,2469,0,0,40698752,0.06008,7.846,3.9312799999999997,0.005603040000000001,0.4964324372,22.48, , , , , , , , 
rmw_cyclonedds_cpp,macOS M1,MultiProcess,Array16k,100,3,False,True,False,7365,0,0,121632494,0.08363,0.3753,0.18857599999999997,1.3077679999999997e-06,0.31216035196,22.32,CYCLONE,2.1482241481512068,CYCLONE,1.275268760068604,CYCLONE,20.78450712441072,CYCLONE,49.570171433854085
rmw_fastrtps_cpp,macOS M1,MultiProcess,Array16k,100,3,False,True,False,7404,0,0,122029016,0.05958,7.859,3.9194799999999996,0.005677119999999999,0.6705925544,28.464, , , , , , , , 
rmw_cyclonedds_cpp,macOS M1,MultiProcess,Array16k,100,10,False,True,False,24810,0,0,410071000,0.08042,0.7536,0.259588,4.527e-06,1.5658410556000002,25.888,CYCLONE,1.0374999712071853,CYCLONE,1.9171816317528725,CYCLONE,15.797895904680091,CYCLONE,31.787265649045246
rmw_fastrtps_cpp,macOS M1,MultiProcess,Array16k,100,10,False,True,False,24840,0,0,410109620,0.06696,7.994,4.10096,0.0055884,1.6245610876,49.632, , , , , , , , 
rmw_cyclonedds_cpp,macOS M1,MultiProcess,Array16k,500,1,False,True,False,12489,0,0,205001701,0.06237,1.219,0.16049600000000003,1.45434e-06,0.5874685116,24.256,CYCLONE,1.0849389127685924,FAST,1.0813123626376444,CYCLONE,20.425553125603592,CYCLONE,36.49972077380198
rmw_fastrtps_cpp,macOS M1,MultiProcess,Array16k,500,1,False,True,False,12492,0,0,205042543,0.0435,6.571,3.2782400000000003,0.00327292,0.6373685332000001,22.432, , , , , , , , 
rmw_cyclonedds_cpp,macOS M1,MultiProcess,Array16k,500,3,False,True,False,37470,0,0,615002093,0.06371,0.4829,0.193004,1.83456e-06,1.4834409808000002,25.2,FAST,1.0865136842660563,CYCLONE,1.1295237647014378,CYCLONE,16.217196445687936,CYCLONE,33.724632244882145
rmw_fastrtps_cpp,macOS M1,MultiProcess,Array16k,500,3,False,True,False,37467,0,0,615001139,0.05221,6.64,3.13,0.00322672,1.3653209488000002,28.464, , , , , , , , 
rmw_cyclonedds_cpp,macOS M1,MultiProcess,Array16k,500,10,False,True,False,124900,0,0,2049935556,0.07258,0.9863,0.261612,4.922959999999999e-06,7.4216039012,27.792,FAST,1.4722705729158774,CYCLONE,1.788140407738183,CYCLONE,13.919644665976081,CYCLONE,26.457385911866936
rmw_fastrtps_cpp,macOS M1,MultiProcess,Array16k,500,10,False,True,False,124854,0,0,2049939329,0.08512,9.649,3.64156,0.00414844,5.0409228884,49.696, , , , , , , , 
rmw_cyclonedds_cpp,macOS M1,MultiProcess,Array2m,20,1,False,True,False,479,0,0,1047902084,2.276,9.741,4.527519999999999,0.000838332,1.1548647032,199.184,CYCLONE BYDEF,0,CYCLONE BYDEF,0,CYCLONE BYDEF,0,CYCLONE BYDEF,0
rmw_fastrtps_cpp,macOS M1,MultiProcess,Array2m,20,1,False,True,False,FAIL,FAIL,FAIL,FAIL,FAIL,FAIL,FAIL,FAIL,FAIL,FAIL, , , , , , , , 
rmw_cyclonedds_cpp,macOS M1,MultiProcess,Array2m,20,3,False,True,False,1440,0,0,3147473976,2.545,16.65,4.6924,0.0016066840000000002,2.0754010652,541.568,FAST,3.0985126759810817,CYCLONE,1.2681990049851561,CYCLONE,1052.3226808621002,CYCLONE,39.29988353061224
rmw_fastrtps_cpp,macOS M1,MultiProcess,Array2m,20,3,False,True,False,626,0,733,1458641824,4619.0,5007.0,4937.92,2.48316,0.6698045752,686.816, , , , , , , , 
rmw_cyclonedds_cpp,macOS M1,MultiProcess,Array2m,20,10,False,True,False,4790,0,0,10489078524,2.895,14.5,5.1488,0.0015560959999999999,3.4669217463999997,565.072,CYCLONE,1.0124258303836546,CYCLONE,3.900104758508465,CYCLONE,87.78509792862454,CYCLONE,114.06869271148878
rmw_fastrtps_cpp,macOS M1,MultiProcess,Array2m,20,10,False,True,False,4850,0,0,10620001370,35.77,1268.0,451.98799999999994,20.261440000000004,3.5100021404,2203.84, , , , , , , , 
rmw_cyclonedds_cpp,macOS M1,MultiProcess,Array2m,100,1,False,True,False,2481,0,0,5243412447,2.072,57.21,3.3906400000000003,0.00484106,3.9114821508,410.992,CYCLONE BYDEF,0,CYCLONE BYDEF,0,CYCLONE BYDEF,0,CYCLONE BYDEF,0
rmw_fastrtps_cpp,macOS M1,MultiProcess,Array2m,100,1,False,True,False,FAIL,FAIL,FAIL,FAIL,FAIL,FAIL,FAIL,FAIL,FAIL,FAIL, , , , , , , , 
rmw_cyclonedds_cpp,macOS M1,MultiProcess,Array2m,100,3,False,True,False,7440,0,0,15727276211,1.389,45.71,3.2426800000000005,0.003354472,6.115883449199999,546.4,FAST,8.959806749869246,CYCLONE,1.2420497781075224,CYCLONE,310.0582511816611,CYCLONE,4.964483746168897
rmw_fastrtps_cpp,macOS M1,MultiProcess,Array2m,100,3,False,True,False,45,0,5379,156159608,985.0,1032.0,1005.4200000000001,0.08270115,0.68259,678.656, , , , , , , , 
rmw_cyclonedds_cpp,macOS M1,MultiProcess,Array2m,100,10,False,True,False,24771,0,0,52417973856,1.934,14.79,3.71412,0.000440264,16.384008984,135.376,FAST,1.4124137254954028,CYCLONE,16.55206228170383,CYCLONE,192.30498952511238,CYCLONE,245.62539292855772
rmw_fastrtps_cpp,macOS M1,MultiProcess,Array2m,100,10,False,True,False,24776,0,216,52228191851,196.6,1023.0,714.2439999999999,26.624799999999997,11.600005916000002,2240.752, , , , , , , , 
rmw_cyclonedds_cpp,macOS M1,MultiProcess,Array2m,500,1,False,True,False,11549,0,927,24236747044,53.52,201.7,160.94799999999998,0.633232,7.829124340000001,792.448,CYCLONE BYDEF,0,CYCLONE BYDEF,0,CYCLONE BYDEF,0,CYCLONE BYDEF,0
rmw_fastrtps_cpp,macOS M1,MultiProcess,Array2m,500,1,False,True,False,FAIL,FAIL,FAIL,FAIL,FAIL,FAIL,FAIL,FAIL,FAIL,FAIL, , , , , , , , 
rmw_cyclonedds_cpp,macOS M1,MultiProcess,Array2m,500,3,False,True,False,30032,0,7377,63061002346,126.9,201.8,184.51600000000002,0.16186399999999998,12.398006716,717.216,CYCLONE BYDEF,0,CYCLONE BYDEF,0,CYCLONE BYDEF,0,CYCLONE BYDEF,0
rmw_fastrtps_cpp,macOS M1,MultiProcess,Array2m,500,3,False,True,False,FAIL,FAIL,FAIL,FAIL,FAIL,FAIL,FAIL,FAIL,FAIL,FAIL, , , , , , , , 
rmw_cyclonedds_cpp,macOS M1,MultiProcess,Array2m,500,10,False,True,False,73383,0,51410,154062277537,150.7,206.1,195.87199999999996,0.026200440000000002,27.791614288,1039.84,FAST,3.1113245038050334,CYCLONE,2.147361130416832,CYCLONE,1.0765193540857332,CYCLONE,2.6850041918950014
rmw_fastrtps_cpp,macOS M1,MultiProcess,Array2m,500,10,False,True,False,12571,0,112358,26716472390,168.4,269.3,210.86,0.18889399999999998,8.9324052,2232.912, , , , , , , , 
rmw_cyclonedds_cpp,macOS M1,MultiProcess,PointCloud1m,20,1,False,True,False,475,0,0,521349335,1.011,3.031,2.08524,0.00011298359999999999,0.41170842359999993,43.056,CYCLONE,1.1333927009000337,CYCLONE,3.1356372367234018,CYCLONE,2232.7970723767658,CYCLONE,455.37019649216927
rmw_fastrtps_cpp,macOS M1,MultiProcess,PointCloud1m,20,1,False,True,False,382,0,52,424775201,3593.0,4998.0,4655.92,23.640296000000003,0.4666284556,135.008, , , , , , , , 
rmw_cyclonedds_cpp,macOS M1,MultiProcess,PointCloud1m,20,3,False,True,False,1425,0,0,1562679142,1.062,3.533,2.12592,0.00011681559999999999,0.540132466,48.848,CYCLONE,1.4634542855746693,CYCLONE,7.370455138993303,CYCLONE,660.3594395088058,CYCLONE,474.06933204356267
rmw_fastrtps_cpp,macOS M1,MultiProcess,PointCloud1m,20,3,False,True,False,1440,0,0,1583778804,477.9,2521.0,1403.872,26.48296,0.7904606355999999,360.032, , , , , , , , 
rmw_cyclonedds_cpp,macOS M1,MultiProcess,PointCloud1m,20,10,False,True,False,4790,0,0,5258412074,1.233,3.819,2.35748,0.0001149716,1.0521807732000001,70.608,CYCLONE,2.139023425919197,CYCLONE,16.172671422888747,CYCLONE,224.51930683640714,CYCLONE,561.630056380722
rmw_fastrtps_cpp,macOS M1,MultiProcess,PointCloud1m,20,10,False,True,False,4690,0,0,5158515301,85.17,1627.0,529.3,36.58752,2.2506414612,1141.92, , , , , , , , 
rmw_cyclonedds_cpp,macOS M1,MultiProcess,PointCloud1m,100,1,False,True,False,2453,0,0,2598401431,0.8725,3.627,1.9373600000000002,0.00011181960000000001,1.838281186,47.072,FAST,4.4414900983330305,CYCLONE,2.846023053067151,CYCLONE,517.3842149191606,CYCLONE,18.51004595478835
rmw_fastrtps_cpp,macOS M1,MultiProcess,PointCloud1m,100,1,False,True,False,20,0,1860,36553225,987.3,1025.0,1002.36,0.038660733333333336,0.4138873900000001,133.968, , , , , , , , 
rmw_cyclonedds_cpp,macOS M1,MultiProcess,PointCloud1m,100,3,False,True,False,7380,0,0,7813608059,0.9599,3.274,1.93036,7.943640000000002e-05,2.4592415244,52.048,FAST,3.4894856234734406,CYCLONE,6.959421938221989,CYCLONE,517.387162297622,CYCLONE,38.93256018192042
rmw_fastrtps_cpp,macOS M1,MultiProcess,PointCloud1m,100,3,False,True,False,1785,0,5607,1940649978,951.6,1034.0,998.7439999999999,0.12194719999999998,0.7047566032,362.224, , , , , , , , 
rmw_cyclonedds_cpp,macOS M1,MultiProcess,PointCloud1m,100,10,False,True,False,24810,0,0,26285583449,0.9462,4.629,2.2300799999999996,0.000154496,5.001082804799999,72.736,CYCLONE,1.0146766504351623,CYCLONE,15.796964147094092,CYCLONE,207.8686827967236,CYCLONE,391.23183956846873
rmw_fastrtps_cpp,macOS M1,MultiProcess,PointCloud1m,100,10,False,True,False,24910,0,19,26332732942,81.12,1010.0,463.5640000000001,23.8044,5.0744829636,1149.008, , , , , , , , 
rmw_cyclonedds_cpp,macOS M1,MultiProcess,PointCloud1m,500,1,False,True,False,12481,0,0,13137757129,0.7885,7.441,1.32432,0.0001119824,6.1416834924,48.256,CYCLONE BYDEF,0,CYCLONE BYDEF,0,CYCLONE BYDEF,0,CYCLONE BYDEF,0
rmw_fastrtps_cpp,macOS M1,MultiProcess,PointCloud1m,500,1,False,True,False,FAIL,FAIL,FAIL,FAIL,FAIL,FAIL,FAIL,FAIL,FAIL,FAIL, , , , , , , , 
rmw_cyclonedds_cpp,macOS M1,MultiProcess,PointCloud1m,500,3,False,True,False,37440,0,0,39415030127,0.7935,8.235,1.3348,0.00011837279999999999,8.808324984,54.096,FAST,14.293716739591737,CYCLONE,6.714285590167747,CYCLONE,155.23212823484548,CYCLONE,24.532106985172323
rmw_fastrtps_cpp,macOS M1,MultiProcess,PointCloud1m,500,3,False,True,False,771,0,36705,883473202,186.2,234.1,207.20399999999998,0.0718536,0.61623655,363.216, , , , , , , , 
rmw_cyclonedds_cpp,macOS M1,MultiProcess,PointCloud1m,500,10,False,True,False,124790,0,0,131376695691,0.5905,5.368,1.3304399999999998,8.92984e-05,28.177615868000004,71.728,FAST,2.811226424313098,CYCLONE,16.09301784389614,CYCLONE,151.09275796521607,CYCLONE,39.92213608785722
rmw_fastrtps_cpp,macOS M1,MultiProcess,PointCloud1m,500,10,False,True,False,53097,0,71663,55946739022,146.5,240.7,201.02,0.1439448,10.02324566,1154.32, , , , , , , , 
rmw_cyclonedds_cpp,macOS M1,MultiProcess,PointCloud4m,20,1,False,True,False,474,0,0,2075786007,4.681,43.91,8.906479999999998,0.00744348,2.0966011524,509.584,CYCLONE BYDEF,0,CYCLONE BYDEF,0,CYCLONE BYDEF,0,CYCLONE BYDEF,0
rmw_fastrtps_cpp,macOS M1,MultiProcess,PointCloud4m,20,1,False,True,False,FAIL,FAIL,FAIL,FAIL,FAIL,FAIL,FAIL,FAIL,FAIL,FAIL, , , , , , , , 
rmw_cyclonedds_cpp,macOS M1,MultiProcess,PointCloud4m,20,3,False,True,False,1439,0,0,6296783105,4.713,19.12,8.54488,0.0030408799999999997,3.0764417548,739.376,CYCLONE BYDEF,0,CYCLONE BYDEF,0,CYCLONE BYDEF,0,CYCLONE BYDEF,0
rmw_fastrtps_cpp,macOS M1,MultiProcess,PointCloud4m,20,3,False,True,False,FAIL,FAIL,FAIL,FAIL,FAIL,FAIL,FAIL,FAIL,FAIL,FAIL, , , , , , , , 
rmw_cyclonedds_cpp,macOS M1,MultiProcess,PointCloud4m,20,10,False,True,False,4792,0,0,20972391144,5.201,22.3,9.11416,0.003097472,6.978163551600001,800.528,FAST,1.4224730734646154,CYCLONE,5.4653128866631615,CYCLONE,148.81810557362806,CYCLONE,173.00399502947982
rmw_fastrtps_cpp,macOS M1,MultiProcess,PointCloud4m,20,10,False,True,False,4610,0,0,20170476210,486.7,2656.0,1356.3521739130433,92.74178260869566,4.905654988695652,4375.136, , , , , , , , 
rmw_cyclonedds_cpp,macOS M1,MultiProcess,PointCloud4m,100,1,False,True,False,2481,0,0,10493026572,2.825,125.1,4.90188,0.034157888,4.467682526000001,245.872,CYCLONE BYDEF,0,CYCLONE BYDEF,0,CYCLONE BYDEF,0,CYCLONE BYDEF,0
rmw_fastrtps_cpp,macOS M1,MultiProcess,PointCloud4m,100,1,False,True,False,FAIL,FAIL,FAIL,FAIL,FAIL,FAIL,FAIL,FAIL,FAIL,FAIL, , , , , , , , 
rmw_cyclonedds_cpp,macOS M1,MultiProcess,PointCloud4m,100,3,False,True,False,5610,0,1956,23703414478,84.03,1004.0,884.9760000000001,9.71152,6.818843782799999,902.176,CYCLONE BYDEF,0,CYCLONE BYDEF,0,CYCLONE BYDEF,0,CYCLONE BYDEF,0
rmw_fastrtps_cpp,macOS M1,MultiProcess,PointCloud4m,100,3,False,True,False,FAIL,FAIL,FAIL,FAIL,FAIL,FAIL,FAIL,FAIL,FAIL,FAIL, , , , , , , , 
rmw_cyclonedds_cpp,macOS M1,MultiProcess,PointCloud4m,100,10,False,True,False,24790,0,0,104920709182,3.216,12.49,5.04656,0.0009365840000000001,19.46721046,492.864,FAST,2.402337536053456,CYCLONE,8.902350326048667,CYCLONE,199.20575615751,CYCLONE,27.93217847141894
rmw_fastrtps_cpp,macOS M1,MultiProcess,PointCloud4m,100,10,False,True,False,6579,0,18052,28447749019,903.8,1101.0,1005.304,0.7315560000000001,8.103444152,4387.648, , , , , , , , 
rmw_cyclonedds_cpp,macOS M1,MultiProcess,PointCloud4m,500,1,False,True,False,3873,0,8618,16310421620,125.4,209.4,194.516,0.07299528,10.154005452,893.888,CYCLONE BYDEF,0,CYCLONE BYDEF,0,CYCLONE BYDEF,0,CYCLONE BYDEF,0
rmw_fastrtps_cpp,macOS M1,MultiProcess,PointCloud4m,500,1,False,True,False,FAIL,FAIL,FAIL,FAIL,FAIL,FAIL,FAIL,FAIL,FAIL,FAIL, , , , , , , , 
rmw_cyclonedds_cpp,macOS M1,MultiProcess,PointCloud4m,500,3,False,True,False,15357,0,22038,64597732578,147.4,206.6,195.16,0.04696028,14.497207804,1053.744,CYCLONE BYDEF,0,CYCLONE BYDEF,0,CYCLONE BYDEF,0,CYCLONE BYDEF,0
rmw_fastrtps_cpp,macOS M1,MultiProcess,PointCloud4m,500,3,False,True,False,FAIL,FAIL,FAIL,FAIL,FAIL,FAIL,FAIL,FAIL,FAIL,FAIL, , , , , , , , 
rmw_cyclonedds_cpp,macOS M1,MultiProcess,PointCloud4m,500,10,False,True,False,49956,0,74800,210127675450,131.6,291.5,202.424,0.4084416,37.16481814400001,1343.328,CYCLONE BYDEF,0,CYCLONE BYDEF,0,CYCLONE BYDEF,0,CYCLONE BYDEF,0
rmw_fastrtps_cpp,macOS M1,MultiProcess,PointCloud4m,500,10,False,True,False,FAIL,FAIL,FAIL,FAIL,FAIL,FAIL,FAIL,FAIL,FAIL,FAIL, , , , , , , , 
rmw_cyclonedds_cpp,macOS M1,MultiProcess,Struct16,20,1,False,True,False,475,0,0,15863,0.06463,0.4207,0.14011200000000001,2.203e-06,0.02476419104,20.656,CYCLONE,16.44971777290194,FAST,0.9999999515879187,CYCLONE,29.841913312826073,CYCLONE,44.17493234889333
rmw_fastrtps_cpp,macOS M1,MultiProcess,Struct16,20,1,False,True,False,478,0,0,15981,0.05575,7.71,4.18124,0.0062564000000000005,0.40738040319999996,20.656, , , , , , , , 
rmw_cyclonedds_cpp,macOS M1,MultiProcess,Struct16,20,3,False,True,False,1422,0,0,47400,0.08287,0.7787,0.166188,2.8308560000000003e-06,0.0643722016,20.656,CYCLONE,7.022059241496542,CYCLONE,1.0945003343096276,CYCLONE,27.47955640866724,CYCLONE,38.25834924164345
rmw_fastrtps_cpp,macOS M1,MultiProcess,Struct16,20,3,False,True,False,1425,0,0,47646,0.06229,7.833,4.5668,0.00561196,0.4520324352,22.608, , , , , , , , 
rmw_cyclonedds_cpp,macOS M1,MultiProcess,Struct16,20,10,False,True,False,4790,0,0,159670,0.07687,0.5975,0.23089999999999997,4.92132e-06,0.31214837132,20.656,CYCLONE,2.08388871279563,CYCLONE,1.5313709560722815,CYCLONE,20.058120146729557,CYCLONE,32.059910118372265
rmw_fastrtps_cpp,macOS M1,MultiProcess,Struct16,20,10,False,True,False,4780,0,0,159750,0.07217,8.042,4.6314400000000004,0.00609016,0.6504845515999998,31.632, , , , , , , , 
rmw_cyclonedds_cpp,macOS M1,MultiProcess,Struct16,100,1,False,True,False,2455,0,0,79189,0.0505,0.5587,0.10758759999999999,1.0055608e-06,0.08422822276,20.656,CYCLONE,5.6051380854508555,FAST,0.9999999515879187,CYCLONE,36.470778502555106,CYCLONE,53.05718567878001
rmw_fastrtps_cpp,macOS M1,MultiProcess,Struct16,100,1,False,True,False,2474,0,0,79525,0.04662,7.803,3.92384,0.0056527600000000015,0.4721164244,20.656, , , , , , , , 
rmw_cyclonedds_cpp,macOS M1,MultiProcess,Struct16,100,3,False,True,False,7380,0,0,237811,0.05196,0.6812,0.13618,1.3084120000000002e-06,0.21832829696,20.656,CYCLONE,2.821446809828998,CYCLONE,1.101471674018606,CYCLONE,29.36503623853548,CYCLONE,49.169951175469684
rmw_fastrtps_cpp,macOS M1,MultiProcess,Struct16,100,3,False,True,False,7398,0,0,238236,0.05092,7.822,3.9989600000000003,0.00558736,0.6160044983999999,22.752, , , , , , , , 
rmw_cyclonedds_cpp,macOS M1,MultiProcess,Struct16,100,10,False,True,False,24518,0,0,790910,0.05525,0.6326,0.20626,3.9058e-06,1.4372569756000002,20.656,CYCLONE,1.0399810142476416,CYCLONE,1.5305963627712837,CYCLONE,20.231648251487194,CYCLONE,32.46541862987758
rmw_fastrtps_cpp,macOS M1,MultiProcess,Struct16,100,10,False,True,False,24641,0,0,793119,0.05604,8.01,4.173,0.0051744,1.4947210072000001,31.616, , , , , , , , 
rmw_cyclonedds_cpp,macOS M1,MultiProcess,Struct16,500,1,False,True,False,12397,0,0,397223,0.03992,0.4455,0.09977119999999999,1.1007959999999998e-06,0.37259238168000003,20.656,CYCLONE,1.4397906768530124,FAST,0.9999999515879187,CYCLONE,38.83807313059149,CYCLONE,44.350821810451
rmw_fastrtps_cpp,macOS M1,MultiProcess,Struct16,500,1,False,True,False,12485,0,0,400019,0.04417,12.11,3.87496,0.004136959999999999,0.5364564772,20.656, , , , , , , , 
rmw_cyclonedds_cpp,macOS M1,MultiProcess,Struct16,500,3,False,True,False,37188,0,0,1191620,0.04008,0.6073,0.132416,1.4346319999999998e-06,1.047464774,20.656,CYCLONE,1.0578109581268287,CYCLONE,1.097598707513618,CYCLONE,28.646170808884055,CYCLONE,41.833055712763176
rmw_fastrtps_cpp,macOS M1,MultiProcess,Struct16,500,3,False,True,False,37463,0,0,1200103,0.04383,7.927,3.79324,0.00426508,1.108020774,22.672, , , , , , , , 
rmw_cyclonedds_cpp,macOS M1,MultiProcess,Struct16,500,10,False,True,False,123890,0,0,3969289,0.04583,0.7651,0.19465999999999997,3.6452000000000003e-06,7.26600404,20.656,FAST,1.5334545463321556,CYCLONE,1.5228504297613077,CYCLONE,19.65118847637688,CYCLONE,30.45749062783822
rmw_fastrtps_cpp,macOS M1,MultiProcess,Struct16,500,10,False,True,False,124840,0,0,3999538,0.08421,14.4,3.8253199999999996,0.00431216,4.7383227132,31.456, , , , , , , , 
rmw_cyclonedds_cpp,macOS M1,MultiProcess,Struct32k,20,1,False,True,False,479,0,0,33847762,0.2489,1.186,0.774792,2.044508e-05,0.16359230832000002,48.096,CYCLONE,3.127001047007128,FAST,1.5391704576558352,CYCLONE,6.9786381652906,CYCLONE,15.576304926775379
rmw_fastrtps_cpp,macOS M1,MultiProcess,Struct32k,20,1,False,True,False,475,0,0,33648090,0.5671,8.249,5.407,0.00520428,0.5115564464,31.248, , , , , , , , 
rmw_cyclonedds_cpp,macOS M1,MultiProcess,Struct32k,20,3,False,True,False,1437,0,0,101506463,0.2575,1.282,0.7890759999999999,2.0883320000000002e-05,0.4310491376,97.344,CYCLONE,1.6712314887798336,FAST,1.8123324059366173,CYCLONE,7.1803385474421395,CYCLONE,14.723179994565227
rmw_fastrtps_cpp,macOS M1,MultiProcess,Struct32k,20,3,False,True,False,1434,0,0,101542809,0.7163,10.55,5.66584,0.004744720000000001,0.7203845632000001,53.712, , , , , , , , 
rmw_cyclonedds_cpp,macOS M1,MultiProcess,Struct32k,20,10,False,True,False,4720,0,0,333884602,0.3312,3.052,1.34872,0.00023004,1.369002304,248.56,FAST,1.0103025205485805,FAST,1.869659391400444,CYCLONE,4.382522404559579,CYCLONE,4.86639362567352
rmw_fastrtps_cpp,macOS M1,MultiProcess,Struct32k,20,10,False,True,False,4740,0,0,335433915,0.6596,9.325,5.9108,0.005471159999999999,1.3550409564,132.944, , , , , , , , 
rmw_cyclonedds_cpp,macOS M1,MultiProcess,Struct32k,100,1,False,True,False,2459,0,0,167565439,0.2441,1.084,0.729968,1.61774e-05,0.7530566376,52.4,CYCLONE,1.1618189550382432,FAST,1.6751917623020536,CYCLONE,6.668995532687005,CYCLONE,17.68009171644467
rmw_fastrtps_cpp,macOS M1,MultiProcess,Struct32k,100,1,False,True,False,2467,0,0,168186857,0.4676,8.268,4.8681600000000005,0.005371,0.8749166375999999,31.28, , , , , , , , 
rmw_cyclonedds_cpp,macOS M1,MultiProcess,Struct32k,100,3,False,True,False,7362,0,0,502389369,0.254,1.438,0.74994,1.79878e-05,2.0566819763999997,100.064,FAST,1.1444053433045853,FAST,1.8372502600387364,CYCLONE,6.3118031951846865,CYCLONE,17.04948331759757
rmw_fastrtps_cpp,macOS M1,MultiProcess,Struct32k,100,3,False,True,False,7410,0,0,504048120,0.4988,11.62,4.733479999999999,0.005521000000000001,1.7971611580000002,54.464, , , , , , , , 
rmw_cyclonedds_cpp,macOS M1,MultiProcess,Struct32k,100,10,False,True,False,24440,0,0,1667624438,0.284,4.099,1.1728399999999999,0.000212484,6.50988834,250.544,FAST,1.3542056436947778,FAST,1.868392779289518,CYCLONE,4.239926810198486,CYCLONE,4.999929474791496
rmw_fastrtps_cpp,macOS M1,MultiProcess,Struct32k,100,10,False,True,False,24650,0,0,1679507745,0.5409,9.725,4.972760000000001,0.005336679999999999,4.807162794,134.096, , , , , , , , 
rmw_cyclonedds_cpp,macOS M1,MultiProcess,Struct32k,500,1,False,True,False,12406,0,0,841259497,0.1844,11.7,0.712304,4.0192759999999996e-05,3.5610422412000005,56.288,FAST,1.4803366265212166,FAST,1.7921548079420906,CYCLONE,6.657148272158696,CYCLONE,9.048764453142224
rmw_fastrtps_cpp,macOS M1,MultiProcess,Struct32k,500,1,False,True,False,12396,0,0,840305678,0.5703,10.34,4.74192,0.0033729199999999997,2.4055614764000004,31.408, , , , , , , , 
rmw_cyclonedds_cpp,macOS M1,MultiProcess,Struct32k,500,3,False,True,False,37188,0,0,2522172907,0.2769,1.745,0.732044,1.76102e-05,10.195606236,97.248,FAST,1.5028269605595888,FAST,1.7546189059862354,CYCLONE,5.66877719265892,CYCLONE,14.515310525464379
rmw_fastrtps_cpp,macOS M1,MultiProcess,Struct32k,500,3,False,True,False,37455,0,0,2539685719,0.4285,9.222,4.1498,0.00392188,6.784283886800001,55.424, , , , , , , , 
rmw_cyclonedds_cpp,macOS M1,MultiProcess,Struct32k,500,10,False,True,False,124862,0,0,8465840458,0.2607,3.744,0.86262,0.000111444,24.127616196000005,246.368,FAST,1.4381185038649298,FAST,1.8467258196905298,CYCLONE,5.019492917515339,CYCLONE,6.291424216826291
rmw_fastrtps_cpp,macOS M1,MultiProcess,Struct32k,500,10,False,True,False,124864,0,0,8466313464,0.4453,8.873,4.3299199999999995,0.0044506,16.777209036,133.408, , , , , , , , 
rmw_cyclonedds_cpp,macOS M1,SingleProcess,Array16k,20,1,False,True,False,479,479,0,8201549,0.05829,0.2393,0.107328,4.5170039999999997e-07,0.04948816192000001,20.656,CYCLONE,16.347671486290547,CYCLONE,1.2091401428572743,CYCLONE,1.2524480802019957,CYCLONE,1.1435984921774933
rmw_fastrtps_cpp,macOS M1,SingleProcess,Array16k,20,1,False,True,False,479,479,0,8207122,0.03704,0.2303,0.13442400000000002,9.017119999999999e-07,0.8090325612000001,24.976, , , , , , , , 
rmw_cyclonedds_cpp,macOS M1,SingleProcess,Array16k,20,3,False,True,False,1440,480,0,24625266,0.03779,0.2387,0.1016436,1.13356e-06,0.09413617272,20.656,CYCLONE,8.758331457991975,CYCLONE,1.494190477624396,CYCLONE,1.2652713474203252,CYCLONE,1.1417386116891979
rmw_fastrtps_cpp,macOS M1,SingleProcess,Array16k,20,3,False,True,False,1437,479,0,24631892,0.04888,0.4572,0.128608,1.785048e-06,0.8244845612,30.864, , , , , , , , 
rmw_cyclonedds_cpp,macOS M1,SingleProcess,Array16k,20,10,False,True,False,4800,480,0,82089235,0.034,0.5585,0.176832,5.264640000000001e-06,0.33696833456,20.656,CYCLONE,3.0616456305946183,CYCLONE,2.535243874165188,CYCLONE,1.0907240164448946,FAST,1.07689182228355
rmw_fastrtps_cpp,macOS M1,SingleProcess,Array16k,20,10,False,True,False,4790,479,0,82002142,0.03767,0.5065,0.19287600000000002,4.39732e-06,1.0316806908,52.368, , , , , , , , 
rmw_cyclonedds_cpp,macOS M1,SingleProcess,Array16k,100,1,False,True,False,2485,2484,0,41015589,0.02308,0.1477,0.04943,2.05168e-07,0.10404818344000001,20.656,CYCLONE,8.356861188645576,CYCLONE,1.2091401428572743,CYCLONE,1.4456676984078818,CYCLONE,1.052582749029831
rmw_fastrtps_cpp,macOS M1,SingleProcess,Array16k,100,1,False,True,False,2485,2484,0,41001964,0.01596,0.2535,0.0714608,3.37676e-07,0.8695245828,24.976, , , , , , , , 
rmw_cyclonedds_cpp,macOS M1,SingleProcess,Array16k,100,3,False,True,False,7443,2481,0,123029247,0.02625,0.2094,0.08962759999999999,8.07764e-07,0.26258828052,20.656,CYCLONE,3.8775408759400953,CYCLONE,1.4988380374303816,CYCLONE,1.136445286437588,CYCLONE,1.0326482088540185
rmw_fastrtps_cpp,macOS M1,SingleProcess,Array16k,100,3,False,True,False,7455,2486,0,122983744,0.02679,0.2092,0.10185799999999999,9.306e-07,1.0182006688,30.96, , , , , , , , 
rmw_cyclonedds_cpp,macOS M1,SingleProcess,Array16k,100,10,False,True,False,24830,2482,0,410129879,0.03079,0.4822,0.148588,3.40876e-06,1.5260009708000002,20.656,CYCLONE,1.3123713258051053,CYCLONE,2.5321455009611977,CYCLONE,1.1391960373917314,FAST,1.0711720625394396
rmw_fastrtps_cpp,macOS M1,SingleProcess,Array16k,100,10,False,True,False,24820,2482,0,410026907,0.02829,0.4309,0.16927199999999998,2.83844e-06,2.0026812296,52.304, , , , , , , , 
rmw_cyclonedds_cpp,macOS M1,SingleProcess,Array16k,500,1,False,True,False,12484,12483,0,205004529,0.01763,0.2257,0.04360440000000001,1.364532e-07,0.43696835592,20.656,CYCLONE,2.9233189483288746,CYCLONE,1.207590956255279,CYCLONE,1.4560673678030698,CYCLONE,1.0658931492748327
rmw_fastrtps_cpp,macOS M1,SingleProcess,Array16k,500,1,False,True,False,12485,12485,0,204995318,0.01996,0.3978,0.06349239999999999,2.9358e-07,1.277400798,24.944, , , , , , , , 
rmw_cyclonedds_cpp,macOS M1,SingleProcess,Array16k,500,3,False,True,False,37455,12484,0,615039752,0.02013,0.4044,0.08078999999999999,7.572959999999999e-07,1.1981607656,20.656,CYCLONE,1.7629014921388846,CYCLONE,1.4996126307313793,CYCLONE,1.129635726751742,CYCLONE,1.0056274395767995
rmw_fastrtps_cpp,macOS M1,SingleProcess,Array16k,500,3,False,True,False,37452,12484,0,614998687,0.01433,0.5167,0.09126439999999998,7.798119999999998e-07,2.1122411644000003,30.976, , , , , , , , 
rmw_cyclonedds_cpp,macOS M1,SingleProcess,Array16k,500,10,False,True,False,124830,12484,0,2049860692,0.02083,0.5174,0.14665199999999998,3.292400000000001e-06,7.353764088,20.656,FAST,1.0869273172471787,CYCLONE,2.5290471277572073,CYCLONE,1.1207135210326418,FAST,1.0605379570511755
rmw_fastrtps_cpp,macOS M1,SingleProcess,Array16k,500,10,False,True,False,124826,12483,0,2049941040,0.0235,0.9216,0.16435599999999997,2.81244e-06,6.765643741200002,52.24, , , , , , , , 
rmw_cyclonedds_cpp,macOS M1,SingleProcess,Array2m,20,1,False,True,False,479,479,0,1048895377,0.2745,8.998,0.9941599999999999,0.000753618048,0.23811621548,55.44,CYCLONE,6.684711749175037,CYCLONE,8.453968101479653,CYCLONE,1.2147247779786172,CYCLONE,3.3112532894737776
rmw_fastrtps_cpp,macOS M1,SingleProcess,Array2m,20,1,False,True,False,479,479,0,1048590974,0.2705,49.26,1.207632,0.008273535280000001,1.5917449479999999,468.688, , , , , , , , 
rmw_cyclonedds_cpp,macOS M1,SingleProcess,Array2m,20,3,False,True,False,1440,480,0,3146910832,0.9903,1.968,1.1882000000000001,4.371759999999999e-06,0.6784365064000001,60.144,CYCLONE,1.9978272014944718,CYCLONE,14.748869134928356,FAST,1.2465471315882515,CYCLONE,1.7281617902669208
rmw_fastrtps_cpp,macOS M1,SingleProcess,Array2m,20,3,False,True,False,1437,479,0,3148569601,0.4731,1.257,0.9531919999999999,1.5056839999999999e-05,1.3554009048,887.056, , , , , , , , 
rmw_cyclonedds_cpp,macOS M1,SingleProcess,Array2m,20,10,False,True,False,4791,479,0,10478795970,0.9609,3.989,1.8644800000000001,0.000309072,2.1510413464,111.408,CYCLONE,1.2861866148894145,CYCLONE,21.506247114154753,FAST,1.0981475886140104,FAST,1.0186558472423333
rmw_fastrtps_cpp,macOS M1,SingleProcess,Array2m,20,10,False,True,False,4790,479,0,10500964698,0.7845,6.294,1.69784,0.00029778399999999994,2.766641874,2395.968, , , , , , , , 
rmw_cyclonedds_cpp,macOS M1,SingleProcess,Array2m,100,1,False,True,False,2486,2486,0,5242283030,0.2797,1.971,0.9944279999999999,1.9478240000000002e-05,1.3190408616000002,53.328,CYCLONE,1.2429636260453918,CYCLONE,8.629762814473395,FAST,1.5183474541981643,CYCLONE,1.057933179535013
rmw_fastrtps_cpp,macOS M1,SingleProcess,Array2m,100,1,False,True,False,2484,2484,0,5243356532,0.1418,1.51,0.65494,2.1929839999999997e-05,1.6395210552000001,460.208, , , , , , , , 
rmw_cyclonedds_cpp,macOS M1,SingleProcess,Array2m,100,3,False,True,False,7461,2487,0,15730665555,0.7465,2.625,1.1476,8.9974e-06,3.2300818951999997,70.432,CYCLONE,1.1559090883854293,CYCLONE,12.711267425158061,FAST,1.23507146646979,CYCLONE,1.530384147637537
rmw_fastrtps_cpp,macOS M1,SingleProcess,Array2m,100,3,False,True,False,7458,2486,0,15729037063,0.3051,2.368,0.9291759999999999,2.2429479999999998e-05,3.7336821748,895.28, , , , , , , , 
rmw_cyclonedds_cpp,macOS M1,SingleProcess,Array2m,100,10,False,True,False,24870,2486,0,52443411417,0.6904,5.361,1.8703199999999998,0.00035742,10.244005391999998,119.872,CYCLONE,1.002928485091871,CYCLONE,20.091030264857263,FAST,1.1642921039018277,FAST,1.142944997054665
rmw_fastrtps_cpp,macOS M1,SingleProcess,Array2m,100,10,False,True,False,24850,2485,0,52428513326,0.4965,6.916,1.6064,0.00027334,10.274005812,2408.352, , , , , , , , 
rmw_cyclonedds_cpp,macOS M1,SingleProcess,Array2m,500,1,False,True,False,12489,12489,0,26214700428,0.5304,3.245,0.9753360000000001,4.173996e-06,6.369443584400001,49.136,FAST,1.255566509524462,CYCLONE,9.366655621811795,FAST,1.5161896589515311,CYCLONE,2.229012922218483
rmw_fastrtps_cpp,macOS M1,SingleProcess,Array2m,500,1,False,True,False,12489,12488,0,26215398741,0.239,6.817,0.6432800000000001,2.4729599999999998e-05,5.072962906,460.24, , , , , , , , 
rmw_cyclonedds_cpp,macOS M1,SingleProcess,Array2m,500,3,False,True,False,37464,12489,0,78640760135,0.4315,9.194,1.141164,1.8014080000000003e-05,15.982808748000002,76.544,FAST,1.1689484897116549,CYCLONE,11.66847810842812,FAST,1.407043081881591,CYCLONE,1.208259111855875
rmw_fastrtps_cpp,macOS M1,SingleProcess,Array2m,500,3,False,True,False,37461,12487,0,78643807543,0.3718,2.818,0.811036,2.67712e-05,13.672807415999998,893.152, , , , , , , , 
rmw_cyclonedds_cpp,macOS M1,SingleProcess,Array2m,500,10,False,True,False,124788,12478,0,262149160522,0.5196,2.251,1.15964,3.4131600000000004e-05,49.50962673200001,121.856,FAST,1.013319988765373,CYCLONE,19.79753135013843,FAST,1.0350222822007478,CYCLONE,1.700684567869538
rmw_fastrtps_cpp,macOS M1,SingleProcess,Array2m,500,10,False,True,False,124857,12486,0,262148556387,0.3115,1.963,1.1204,0.00010064640000000001,48.858826695999994,2412.448, , , , , , , , 
rmw_cyclonedds_cpp,macOS M1,SingleProcess,PointCloud1m,20,1,False,True,False,479,479,0,525528008,0.2746,0.7606,0.3558200000000001,1.4655120000000001e-06,0.10911618211999999,29.648,CYCLONE,7.827626991509777,CYCLONE,8.263896105508092,FAST,1.0377966581209297,CYCLONE,1.3529851630012766
rmw_fastrtps_cpp,macOS M1,SingleProcess,PointCloud1m,20,1,False,True,False,479,479,0,526045961,0.1574,0.5352,0.34286,3.51904e-06,0.8541285999999999,245.008, , , , , , , , 
rmw_cyclonedds_cpp,macOS M1,SingleProcess,PointCloud1m,20,3,False,True,False,1437,479,0,1576612016,0.2612,0.6668,0.4190519999999999,1.322432e-06,0.26789228919999997,36.528,CYCLONE,3.5945233181302108,CYCLONE,12.756898468109439,FAST,1.060018971732119,CYCLONE,1.3666915931546435
rmw_fastrtps_cpp,macOS M1,SingleProcess,PointCloud1m,20,3,False,True,False,1434,478,0,1574452949,0.2027,0.8481,0.395324,3.34364e-06,0.9629486747999999,465.984, , , , , , , , 
rmw_cyclonedds_cpp,macOS M1,SingleProcess,PointCloud1m,20,10,False,True,False,4780,479,0,5245026732,0.324,1.421,0.665772,3.76524e-05,0.7490285568,66.432,CYCLONE,1.9145319633667093,CYCLONE,18.675818601339436,CYCLONE,1.0080372739657508,FAST,1.0038356165974365
rmw_fastrtps_cpp,macOS M1,SingleProcess,PointCloud1m,20,10,False,True,False,4790,479,0,5256873741,0.2057,1.53,0.6711239999999999,3.7345199999999996e-05,1.4340410280000002,1240.672, , , , , , , , 
rmw_cyclonedds_cpp,macOS M1,SingleProcess,PointCloud1m,100,1,False,True,False,2484,2483,0,2627704420,0.1768,0.6757,0.289844,3.86036e-07,0.39650835335999995,31.808,CYCLONE,2.841347167357022,CYCLONE,7.702716055623867,FAST,1.0279286020803704,CYCLONE,1.352510647299925
rmw_fastrtps_cpp,macOS M1,SingleProcess,PointCloud1m,100,1,False,True,False,2489,2488,0,2627676997,0.1374,0.5042,0.28196800000000005,1.5397640000000003e-06,1.1266207280000002,245.008, , , , , , , , 
rmw_cyclonedds_cpp,macOS M1,SingleProcess,PointCloud1m,100,3,False,True,False,7449,2484,0,7882437952,0.2202,0.7304,0.347436,5.19736e-07,1.0904567388000002,39.584,CYCLONE,1.6163130667856742,CYCLONE,11.824171083665847,CYCLONE,1.0707898122537325,CYCLONE,1.467314473343209
rmw_fastrtps_cpp,macOS M1,SingleProcess,PointCloud1m,100,3,False,True,False,7452,2483,0,7886157016,0.2128,0.7744,0.37203200000000003,2.27732e-06,1.7625210919999998,468.048, , , , , , , , 
rmw_cyclonedds_cpp,macOS M1,SingleProcess,PointCloud1m,100,10,False,True,False,24820,2481,0,26284748787,0.2501,1.355,0.607112,3.35932e-05,3.5516020768000005,66.672,CYCLONE,1.1751770750690322,CYCLONE,18.640988441309872,CYCLONE,1.0167398820318456,FAST,1.080408198672353
rmw_fastrtps_cpp,macOS M1,SingleProcess,PointCloud1m,100,10,False,True,False,24830,2483,0,26277221292,0.2262,1.249,0.6172759999999999,2.86248e-05,4.1737625156,1242.832, , , , , , , , 
rmw_cyclonedds_cpp,macOS M1,SingleProcess,PointCloud1m,500,1,False,True,False,12485,12485,0,13137811303,0.1672,0.413,0.287136,2.318528e-07,1.9480411560000002,31.712,CYCLONE,1.3348589565122326,CYCLONE,7.727547687703466,FAST,1.0408871263009458,CYCLONE,1.3768297159914171
rmw_fastrtps_cpp,macOS M1,SingleProcess,PointCloud1m,500,1,False,True,False,12484,12485,0,13136959030,0.1533,0.5617,0.275856,1.339384e-06,2.6003615196,245.056, , , , , , , , 
rmw_cyclonedds_cpp,macOS M1,SingleProcess,PointCloud1m,500,3,False,True,False,37443,12482,0,39410805285,0.2078,1.141,0.34082799999999996,3.248432e-07,5.4279230499999995,40.624,CYCLONE,1.090354840834591,CYCLONE,11.54903476887961,CYCLONE,1.0397354685194045,CYCLONE,1.4607417170992476
rmw_fastrtps_cpp,macOS M1,SingleProcess,PointCloud1m,500,3,False,True,False,37464,12488,0,39413437828,0.1862,1.646,0.354372,1.83182e-06,5.918363263599999,469.168, , , , , , , , 
rmw_cyclonedds_cpp,macOS M1,SingleProcess,PointCloud1m,500,10,False,True,False,124830,12483,0,131378432852,0.1527,2.273,0.595056,3.4368e-05,17.343609596,67.568,CYCLONE,1.0823357807819638,CYCLONE,18.39568999532782,FAST,1.0157572653949558,FAST,1.148492197989303
rmw_fastrtps_cpp,macOS M1,SingleProcess,PointCloud1m,500,10,False,True,False,124820,12482,0,131377942514,0.2163,3.655,0.585824,2.58032e-05,18.771610316,1242.96, , , , , , , , 
rmw_cyclonedds_cpp,macOS M1,SingleProcess,PointCloud4m,20,1,False,True,False,480,480,0,2101554473,0.5146,4.719,1.1721200000000003,0.00019110325999999997,0.29734029936,92.304,CYCLONE,12.202061865638306,CYCLONE,9.557462194948624,CYCLONE,7.836173910372733,CYCLONE,48.98726276123802
rmw_fastrtps_cpp,macOS M1,SingleProcess,PointCloud4m,20,1,False,True,False,479,479,0,2098169525,0.4089,198.3,9.184944,0.461065689804,3.6281769299999995,882.192, , , , , , , , 
rmw_cyclonedds_cpp,macOS M1,SingleProcess,PointCloud4m,20,3,False,True,False,1440,480,0,6298308709,1.713,2.903,2.21752,1.1731839999999998e-05,1.2580408124,100.88,CYCLONE,1.4969941719243927,CYCLONE,16.97509895940624,FAST,1.1958921004960954,CYCLONE,1.8478527555520168
rmw_fastrtps_cpp,macOS M1,SingleProcess,PointCloud4m,20,3,False,True,False,1434,478,0,6294045897,0.9403,2.719,1.85428,4.2498e-05,1.8832812612,1712.448, , , , , , , , 
rmw_cyclonedds_cpp,macOS M1,SingleProcess,PointCloud4m,20,10,False,True,False,4800,480,0,21010709915,1.719,6.732,3.6227599999999995,0.001177,4.058162383599999,209.936,CYCLONE,1.1367415641870315,CYCLONE,22.12560007752077,FAST,1.1289933031895316,FAST,1.062564809553046
rmw_fastrtps_cpp,macOS M1,SingleProcess,PointCloud4m,20,10,False,True,False,4790,479,0,21004180444,1.54,5.408,3.2088399999999995,0.0010422959999999998,4.6130829924,4644.96, , , , , , , , 
rmw_cyclonedds_cpp,macOS M1,SingleProcess,PointCloud4m,100,1,False,True,False,2484,2484,0,10491802497,0.9793,2.955,1.9879999999999998,1.7756364e-05,2.568681496,83.984,FAST,1.0327758955179867,CYCLONE,10.429986539936339,FAST,1.5191796429927835,CYCLONE,1.2944052523713558
rmw_fastrtps_cpp,macOS M1,SingleProcess,PointCloud4m,100,1,False,True,False,2486,2487,0,10490953040,0.5426,2.105,1.3086000000000002,3.0440520000000002e-05,2.4871615172,875.952, , , , , , , , 
rmw_cyclonedds_cpp,macOS M1,SingleProcess,PointCloud4m,100,3,False,True,False,7440,2480,0,31482897806,1.571,3.736,2.2387599999999996,1.1068039999999999e-05,6.1848434192,100.992,FAST,1.0214432435781422,CYCLONE,16.99730654906026,FAST,1.2818397259466103,CYCLONE,1.948208126028036
rmw_fastrtps_cpp,macOS M1,SingleProcess,PointCloud4m,100,3,False,True,False,7455,2485,0,31478651641,0.8667,3.298,1.7465199999999999,4.4830800000000005e-05,6.055003483199999,1716.592, , , , , , , , 
rmw_cyclonedds_cpp,macOS M1,SingleProcess,PointCloud4m,100,10,False,True,False,24790,2480,0,104919617546,1.824,5.486,3.1598,0.000227828,26.661214392,214.048,FAST,1.0966812471741598,CYCLONE,21.83555080245762,FAST,1.171719284271528,CYCLONE,1.1335497688431646
rmw_fastrtps_cpp,macOS M1,SingleProcess,PointCloud4m,100,10,False,True,False,24830,2484,0,104905353821,0.9675,5.307,2.6967200000000005,0.00029306799999999995,24.310813524,4673.856, , , , , , , , 
rmw_cyclonedds_cpp,macOS M1,SingleProcess,PointCloud4m,500,1,False,True,False,12485,12485,0,52459377247,1.114,4.713,1.5109199999999998,1.210296e-05,9.623925212,88.08,FAST,1.1463979038857695,CYCLONE,9.992915417882433,FAST,1.2908539309907636,CYCLONE,2.1903999255257163
rmw_fastrtps_cpp,macOS M1,SingleProcess,PointCloud4m,500,1,False,True,False,12485,12484,0,52460856110,0.473,1.842,1.17048,6.190079999999999e-05,8.394924688,880.176, , , , , , , , 
rmw_cyclonedds_cpp,macOS M1,SingleProcess,PointCloud4m,500,3,False,True,False,37437,12479,0,157378766243,1.262,2.571,1.52756,7.665439999999999e-06,22.565212048000003,109.168,FAST,1.1980842957295201,CYCLONE,15.874688408007032,FAST,1.2525079923679958,CYCLONE,2.248908010812534
rmw_fastrtps_cpp,macOS M1,SingleProcess,PointCloud4m,500,3,False,True,False,37443,12482,0,157378411875,0.5051,3.143,1.2196,4.2856e-05,18.834410008,1733.008, , , , , , , , 
rmw_cyclonedds_cpp,macOS M1,SingleProcess,PointCloud4m,500,10,False,True,False,123270,12327,0,517955577066,0.8173,27.92,3.0156799999999997,0.0025972312000000003,82.6084402,839.216,CYCLONE,1.1441016451476147,CYCLONE,6.112943501895884,CYCLONE,61.33937906562398,CYCLONE,12.168310154709015
rmw_fastrtps_cpp,macOS M1,SingleProcess,PointCloud4m,500,10,False,True,False,117774,12470,6880,494881970098,53.51,247.0,184.98,0.38472839999999997,94.51245348,5130.08, , , , , , , , 
rmw_cyclonedds_cpp,macOS M1,SingleProcess,Struct16,20,1,False,True,False,480,480,0,16004,0.03246,0.1924,0.0520444,4.523312e-07,0.024796139520000003,20.656,CYCLONE,31.25249733643471,CYCLONE,1.0247869372198424,CYCLONE,1.4521706048949572,CYCLONE,1.0107633534131466
rmw_fastrtps_cpp,macOS M1,SingleProcess,Struct16,20,1,False,True,False,478,478,0,15977,0.02775,0.1725,0.0755788,4.862267999999999e-07,0.7749725368,21.168, , , , , , , , 
rmw_cyclonedds_cpp,macOS M1,SingleProcess,Struct16,20,3,False,True,False,1440,480,0,48003,0.03275,0.2021,0.0815004,8.40628e-07,0.05939617172,20.656,CYCLONE,13.67897720501093,CYCLONE,1.1402013390684866,CYCLONE,1.3295329896173562,CYCLONE,1.114923768900694
rmw_fastrtps_cpp,macOS M1,SingleProcess,Struct16,20,3,False,True,False,1440,480,0,48003,0.0255,0.2696,0.10835879999999999,1.2913760000000002e-06,0.812492558,23.552, , , , , , , , 
rmw_cyclonedds_cpp,macOS M1,SingleProcess,Struct16,20,10,False,True,False,4800,480,0,160100,0.02937,0.491,0.144604,3.60404e-06,0.31229632188,20.656,CYCLONE,3.229898578469359,CYCLONE,1.5724244010251547,CYCLONE,1.2096400539400436,CYCLONE,1.038729332380317
rmw_fastrtps_cpp,macOS M1,SingleProcess,Struct16,20,10,False,True,False,4790,479,0,160120,0.03225,0.5963,0.17492000000000002,3.9722e-06,1.0086886759999998,32.48, , , , , , , , 
rmw_cyclonedds_cpp,macOS M1,SingleProcess,Struct16,100,1,False,True,False,2481,2481,0,80006,0.016,0.1188,0.0385756,1.099756e-07,0.09412017164,20.656,CYCLONE,9.119739746580144,CYCLONE,1.0240123439188447,CYCLONE,1.6530124479606805,CYCLONE,1.0903387390238737
rmw_fastrtps_cpp,macOS M1,SingleProcess,Struct16,100,1,False,True,False,2485,2485,0,79983,0.02408,0.3877,0.0637676,3.2208800000000004e-07,0.8583605899999999,21.152, , , , , , , , 
rmw_cyclonedds_cpp,macOS M1,SingleProcess,Struct16,100,3,False,True,False,7443,2481,0,240042,0.01629,0.199,0.07254479999999999,7.41708e-07,0.23780825744,20.656,CYCLONE,4.15792326272023,CYCLONE,1.1363283725634987,CYCLONE,1.3014564592298936,CYCLONE,1.0082190255562031
rmw_fastrtps_cpp,macOS M1,SingleProcess,Struct16,100,3,False,True,False,7452,2484,0,239883,0.02583,0.4126,0.0944152,7.731399999999999e-07,0.9887926436,23.472, , , , , , , , 
rmw_cyclonedds_cpp,macOS M1,SingleProcess,Struct16,100,10,False,True,False,24800,2480,0,800201,0.02733,0.4906,0.13621200000000003,3.0090399999999993e-06,1.4869209436,20.656,CYCLONE,1.2351429732441002,CYCLONE,1.5693260278211643,CYCLONE,1.2060992709946916,CYCLONE,1.973519103668207
rmw_fastrtps_cpp,macOS M1,SingleProcess,Struct16,100,10,False,True,False,24850,2484,0,800270,0.01554,4.029,0.16428639999999997,1.462992e-05,1.8365611903999999,32.416, , , , , , , , 
rmw_cyclonedds_cpp,macOS M1,SingleProcess,Struct16,500,1,False,True,False,12487,12486,0,399995,0.01562,0.3518,0.04188119999999999,2.6236400000000003e-07,0.4383923538800001,20.656,CYCLONE,2.9191154306374214,CYCLONE,1.0209139707148542,CYCLONE,1.5500331883234406,CYCLONE,1.0721312962669072
rmw_fastrtps_cpp,macOS M1,SingleProcess,Struct16,500,1,False,True,False,12489,12489,0,400007,0.02187,0.339,0.0649188,4.5362800000000007e-07,1.2797208039999999,21.088, , , , , , , , 
rmw_cyclonedds_cpp,macOS M1,SingleProcess,Struct16,500,3,False,True,False,37473,12491,0,1199979,0.01329,0.2895,0.0727508,7.94476e-07,1.1311447719999999,20.656,CYCLONE,1.6831086022041024,CYCLONE,1.1386521524664914,CYCLONE,1.254160034528355,CYCLONE,1.073550069242224
rmw_fastrtps_cpp,macOS M1,SingleProcess,Struct16,500,3,False,True,False,37467,12488,0,1200024,0.01525,0.4344,0.09124239999999999,1.07124e-06,1.9038411791999998,23.52, , , , , , , , 
rmw_cyclonedds_cpp,macOS M1,SingleProcess,Struct16,500,10,False,True,False,124893,12490,0,3999696,0.01583,1.136,0.1397,3.5368800000000007e-06,7.018763698400001,20.656,FAST,1.0550780511584212,CYCLONE,1.5724244010251547,CYCLONE,1.0905863236483633,CYCLONE,1.1483118682966271
rmw_fastrtps_cpp,macOS M1,SingleProcess,Struct16,500,10,False,True,False,124840,12484,0,3999853,0.018,4.553,0.152356,4.988040000000001e-06,6.652363429999999,32.48, , , , , , , , 
rmw_cyclonedds_cpp,macOS M1,SingleProcess,Struct32k,20,1,False,True,False,479,479,0,33900706,0.08592,0.7598,0.1029216,2.6377383999999997e-06,0.0297884192,63.152,CYCLONE BYDEF,0,CYCLONE BYDEF,0,CYCLONE BYDEF,0,CYCLONE BYDEF,0
rmw_fastrtps_cpp,macOS M1,SingleProcess,Struct32k,20,1,False,True,False,FAIL,FAIL,FAIL,FAIL,FAIL,FAIL,FAIL,FAIL,FAIL,FAIL, , , , , , , , 
rmw_cyclonedds_cpp,macOS M1,SingleProcess,Struct32k,20,3,False,True,False,1437,479,0,101581749,0.0845,0.7306,0.254424,2.606676e-06,0.1884492148,107.376,CYCLONE,5.806778843745846,FAST,1.684487925381402,CYCLONE,2.692392650093348,CYCLONE,1.8998618258972577
rmw_fastrtps_cpp,macOS M1,SingleProcess,Struct32k,20,3,False,True,False,1434,478,0,101644702,0.3301,1.183,0.685012,1.203192e-05,1.0942887204000002,63.744, , , , , , , , 
rmw_cyclonedds_cpp,macOS M1,SingleProcess,Struct32k,20,10,False,True,False,4790,479,0,338327840,0.3004,2.692,1.042456,0.000175672,1.382766516,263.632,CYCLONE,1.2319938493550786,FAST,1.8430648640725333,FAST,1.0665591706986184,FAST,1.3848001708342577
rmw_fastrtps_cpp,macOS M1,SingleProcess,Struct32k,20,10,False,True,False,4780,478,0,338390222,0.3283,1.727,0.9773999999999998,9.11092e-05,1.7035610748000003,143.04, , , , , , , , 
rmw_cyclonedds_cpp,macOS M1,SingleProcess,Struct32k,100,1,False,True,False,2484,2483,0,169377213,0.2629,0.9036,0.546876,1.153808e-06,0.7087287632,62.8,CYCLONE,2.2013481394596526,FAST,1.5096153483265542,CYCLONE,1.1716199437899197,CYCLONE,2.2016430897922086
rmw_fastrtps_cpp,macOS M1,SingleProcess,Struct32k,100,1,False,True,False,2485,2485,0,169320561,0.3132,0.8014,0.640732,9.454240000000001e-06,1.5601609456,41.6, , , , , , , , 
rmw_cyclonedds_cpp,macOS M1,SingleProcess,Struct32k,100,3,False,True,False,7434,2478,0,507952713,0.2698,1.322,0.570244,1.8375920000000002e-06,2.1096023856,109.888,CYCLONE,1.1759563279684564,FAST,1.709733605462198,CYCLONE,1.1759997895641348,CYCLONE,1.7399780868328927
rmw_fastrtps_cpp,macOS M1,SingleProcess,Struct32k,100,3,False,True,False,7455,2485,0,507868683,0.3172,1.559,0.670608,7.601080000000001e-06,2.4808014508,64.272, , , , , , , , 
rmw_cyclonedds_cpp,macOS M1,SingleProcess,Struct32k,100,10,False,True,False,24830,2484,0,1692646381,0.2621,3.298,1.0042479999999998,0.00017120000000000004,6.842288315999999,267.808,FAST,1.255805836248503,FAST,1.8575074779609126,FAST,1.0551383791655324,FAST,1.352997552703163
rmw_fastrtps_cpp,macOS M1,SingleProcess,Struct32k,100,10,False,True,False,24850,2486,0,1692821418,0.3206,4.784,0.9517680000000002,9.304800000000001e-05,5.448523062,144.176, , , , , , , , 
rmw_cyclonedds_cpp,macOS M1,SingleProcess,Struct32k,500,1,False,True,False,12484,12483,0,846637888,0.2521,0.9162,0.5371,8.001460000000001e-07,3.4372021592,62.784,CYCLONE,1.3842192071961712,FAST,1.5086504827794482,CYCLONE,1.1822878750923942,CYCLONE,2.315539801031279
rmw_fastrtps_cpp,macOS M1,SingleProcess,Struct32k,500,1,False,True,False,12490,12490,0,846624688,0.3135,1.047,0.635008,8.66628e-06,4.757842631999999,41.616, , , , , , , , 
rmw_cyclonedds_cpp,macOS M1,SingleProcess,Struct32k,500,3,False,True,False,37455,12484,0,2539977283,0.2543,2.029,0.547372,3.4099719999999996e-06,10.371286284,109.248,FAST,1.1238778384671002,FAST,1.700199176727478,CYCLONE,1.1752278610746236,CYCLONE,1.5312922637742912
rmw_fastrtps_cpp,macOS M1,SingleProcess,Struct32k,500,3,False,True,False,37461,12487,0,2539813213,0.3119,1.378,0.643288,9.3506e-06,9.228124983999999,64.256, , , , , , , , 
rmw_cyclonedds_cpp,macOS M1,SingleProcess,Struct32k,500,10,False,True,False,124816,12482,0,8465913197,0.2495,3.18,0.9407639999999999,0.00016600000000000002,32.070418988,272.864,FAST,1.4362538800585818,FAST,1.8963638253616435,FAST,1.0975194039009628,FAST,1.396304309045548
rmw_fastrtps_cpp,macOS M1,SingleProcess,Struct32k,500,10,False,True,False,124886,12488,0,8466222827,0.3135,2.362,0.8571719999999999,8.463720000000001e-05,22.329212123999994,143.888, , , , , , , , 
-,-,-,-,-,-,-,-,-,-,-,-,-,-,-,-,-,-,-,-,-,-,-,-,-,-,-
 , , , , , , , , , , , , , , , , , ,Cyclone DDS Wins,"=COUNTIF(T2:T218, ""CYCLONE"") + COUNTIF(T2:T218, ""CYCLONE BYDEF"")", ,"=COUNTIF(V2:V218, ""CYCLONE"") + COUNTIF(V2:V218, ""CYCLONE BYDEF"")", ,"=COUNTIF(X2:X218, ""CYCLONE"") + COUNTIF(X2:X218, ""CYCLONE BYDEF"")", ,"=COUNTIF(Z2:Z218, ""CYCLONE"") + COUNTIF(Z2:Z218, ""CYCLONE BYDEF"")", 
 , , , , , , , , , , , , , , , , , ,FastRTPS Wins,"=COUNTIF(T2:T218, ""FAST"") + COUNTIF(T2:T218, ""FAST BYDEF"")", ,"=COUNTIF(V2:V218, ""FAST"") + COUNTIF(V2:V218, ""FAST BYDEF"")", ,"=COUNTIF(X2:X218, ""FAST"") + COUNTIF(X2:X218, ""FAST BYDEF"")", ,"=COUNTIF(Z2:Z218, ""FAST"") + COUNTIF(Z2:Z218, ""FAST BYDEF"")", 
 , , , , , , , , , , , , , , , , , ,Cyclone DDS Failed tests,"=COUNTIF(T2:T218, ""FAST BYDEF"")", ,"=COUNTIF(V2:V218, ""FAST BYDEF"")", ,"=COUNTIF(X2:X218, ""FAST BYDEF"")", ,"=COUNTIF(Z2:Z218, ""FAST BYDEF"")", 
 , , , , , , , , , , , , , , , , , ,FastRTPS Failed tests,"=COUNTIF(T2:T218, ""CYCLONE BYDEF"")", ,"=COUNTIF(V2:V218, ""CYCLONE BYDEF"")", ,"=COUNTIF(X2:X218, ""CYCLONE BYDEF"")", ,"=COUNTIF(Z2:Z218, ""CYCLONE BYDEF"")", 
 , , , , , , , , , , , , , , , , , ,Total tests,108, ,108, ,108, ,108, 
