Experiment id: 0bbd6d96-d8fe-437d-a45d-a705a49aabb3
Performance Test Version: 
Logfile name: 25a6b7f0-f9c8-4a40-bff0-45e8deea1363.csv
Communication mean: RCLCPP_SINGLE_THREADED_EXECUTOR
RMW Implementation: rmw_fastrtps_cpp
DDS domain id: 0
QOS: Reliability: RELIABLE Durability: VOLATILE History kind: KEEP_LAST History depth: 100 Sync. pub/sub: 0
Publishing rate: 20
Topic name: Array2m
Msg name: Array2m
Maximum runtime (sec): 30
Number of publishers: 1
Number of subscribers: 1
Memory check enabled: 0
Use single participant: 0
With security: 0
Zero copy transfer: 0
Roundtrip Mode: NONE
Ignore seconds from beginning: 5

---EXPERIMENT-START---
T_experiment,	T_loop,	received,	sent,	lost,	relative_loss,	data_received,	latency_min (ms),	latency_max (ms),	latency_mean (ms),	latency_variance (ms),	pub_loop_res_min (ms),	pub_loop_res_max (ms),	pub_loop_res_mean (ms),	pub_loop_res_variance (ms),	sub_loop_res_min (ms),	sub_loop_res_max (ms),	sub_loop_res_mean (ms),	sub_loop_res_variance (ms),	ru_utime,	ru_stime,	ru_maxrss,	ru_ixrss,	ru_idrss,	ru_isrss,	ru_minflt,	ru_majflt,	ru_nswap,	ru_inblock,	ru_oublock,	ru_msgsnd,	ru_msgrcv,	ru_nsignals,	ru_nvcsw,	ru_nivcsw,	cpu_usage (%)
6.045289,		1.002122,		19,		19,		0,		0.00,		41854502,		0.9269,		1.588,		1.127,		1.379e-05,		34.79,		47.53,		41.1,		0.01957,		0,		0,		0,		0,		343750000,		343750000,		32700,		0,		0,		0,		0,		70833,		0,		0,		0,		0,		0,		0,		0,		0,		0
7.048878,		1.003452,		19,		19,		0,		0.00,		41793371,		0.7897,		2.816,		1.353,		0.0002285,		33.39,		48.51,		40.6,		0.02254,		0,		0,		0,		0,		390625000,		359375000,		32816,		0,		0,		0,		0,		81142,		0,		0,		0,		0,		0,		0,		0,		0,		0.519
