Experiment id: e162b931-3142-497a-9388-8d3a7d84c154
Performance Test Version: 
Logfile name: 60e07dd0-7c69-44c1-b8bd-a41d0c50ed79.csv
Communication mean: RCLCPP_SINGLE_THREADED_EXECUTOR
RMW Implementation: rmw_fastrtps_cpp
DDS domain id: 0
QOS: Reliability: RELIABLE Durability: VOLATILE History kind: KEEP_LAST History depth: 100 Sync. pub/sub: 0
Publishing rate: 20
Topic name: PointCloud4m
Msg name: PointCloud4m
Maximum runtime (sec): 30
Number of publishers: 1
Number of subscribers: 10
Memory check enabled: 0
Use single participant: 0
With security: 0
Zero copy transfer: 0
Roundtrip Mode: NONE
Ignore seconds from beginning: 5

---EXPERIMENT-START---
T_experiment,	T_loop,	received,	sent,	lost,	relative_loss,	data_received,	latency_min (ms),	latency_max (ms),	latency_mean (ms),	latency_variance (ms),	pub_loop_res_min (ms),	pub_loop_res_max (ms),	pub_loop_res_mean (ms),	pub_loop_res_variance (ms),	sub_loop_res_min (ms),	sub_loop_res_max (ms),	sub_loop_res_mean (ms),	sub_loop_res_variance (ms),	ru_utime,	ru_stime,	ru_maxrss,	ru_ixrss,	ru_idrss,	ru_isrss,	ru_minflt,	ru_majflt,	ru_nswap,	ru_inblock,	ru_oublock,	ru_msgsnd,	ru_msgrcv,	ru_nsignals,	ru_nvcsw,	ru_nivcsw,	cpu_usage (%)
