Experiment id: 9512bd16-42f3-465c-8cf9-f860df6f9ebe
Performance Test Version: 2fc8cc2-dirty
Logfile name: d4f2ff4d-0361-4246-8156-6785b4583456.csv
Communication mean: RCLCPP_SINGLE_THREADED_EXECUTOR
RMW Implementation: rmw_fastrtps_cpp
DDS domain id: 0
QOS: Reliability: RELIABLE Durability: VOLATILE History kind: KEEP_LAST History depth: 100 Sync. pub/sub: 0
Publishing rate: 20
Topic name: Struct32k
Msg name: Struct32k
Maximum runtime (sec): 30
Number of publishers: 1
Number of subscribers: 1
Memory check enabled: 0
Use single participant: 0
With security: 0
Zero copy transfer: 0
Roundtrip Mode: NONE
Ignore seconds from beginning: 5

---EXPERIMENT-START---
T_experiment,	T_loop,	received,	sent,	lost,	relative_loss,	data_received,	latency_min (ms),	latency_max (ms),	latency_mean (ms),	latency_variance (ms),	pub_loop_res_min (ms),	pub_loop_res_max (ms),	pub_loop_res_mean (ms),	pub_loop_res_variance (ms),	sub_loop_res_min (ms),	sub_loop_res_max (ms),	sub_loop_res_mean (ms),	sub_loop_res_variance (ms),	ru_utime,	ru_stime,	ru_maxrss,	ru_ixrss,	ru_idrss,	ru_isrss,	ru_minflt,	ru_majflt,	ru_nswap,	ru_inblock,	ru_oublock,	ru_msgsnd,	ru_msgrcv,	ru_nsignals,	ru_nvcsw,	ru_nivcsw,	cpu_usage (%)
6.045070,		1.006731,		19,		19,		0,		0.00,		1345502,		0.1926,		0.2239,		0.2045,		7.427e-08,		39.86,		49.73,		41.23,		0.00813,		0,		0,		0,		0,		0.1654,		0.1447,		43171840,		0,		0,		0,		4939,		3,		0,		0,		0,		16,		20,		0,		14,		7539,		8.064e-06
7.055243,		1.010057,		19,		19,		0,		0.00,		1340919,		0.1925,		0.2397,		0.2108,		1.591e-07,		39.86,		46.72,		41.76,		0.004952,		0,		0,		0,		0,		0.2147,		0.1559,		44613632,		0,		0,		0,		5028,		3,		0,		0,		0,		18,		24,		0,		16,		9101,		0.7424
