,last_modified,author,sha,changes,commiter
0,2020-10-07 13:15:52,eboasson,c4b7fbb97d12019686ea912009b0823c43042fd2,749,eboasson
1,2020-10-07 13:15:52,eboasson,82bd7d4bf95103d1c296636b8fc23e373dc58869,2,eboasson
2,2020-10-07 13:15:52,eboasson,76b0fa80408f3a40d7b25cf600542449c221cf3c,16,eboasson
3,2020-10-07 13:15:52,eboasson,1d1b71686dcaab494bb202163bf5e85ba19ab3c0,18,eboasson
4,2020-10-07 13:15:52,eboasson,48ad8dfe7b10ccf07c83f4394e2b23fc75ce9627,8,eboasson
5,2020-10-07 13:15:52,eboasson,2d50533429628eb46f32af388141d94bd1ff8069,25,eboasson
6,2020-10-07 13:15:52,eboasson,75ba2102b342fbd42cf914bb14da8117377406b8,712,eboasson
7,2020-10-07 13:15:52,eboasson,bc443e62492a538bd6b91104de185667e76d9ef9,757,eboasson
8,2020-10-07 13:15:52,eboasson,7f649380b651b51777dab819922e1d0fca63a468,10,eboasson
9,2020-10-07 13:15:52,eboasson,3cc4e19b572992f3d378a0f0fd5922b70179f6d8,23,eboasson
10,2020-10-07 13:15:52,eboasson,95fd182fc821910f70503464f0407516ebf62298,240,eboasson
11,2020-10-07 13:15:52,eboasson,0880079fce0a5207e09d630762d03a41787d6fc2,393,eboasson
12,2020-10-07 13:15:52,eboasson,1c3b66cb909c7a4633b7e74a2a798f29ba9feeb9,128,eboasson
13,2020-10-07 13:15:52,eboasson,5c4989b3659523991df6f9fe5c173b2dc711beda,17,eboasson
14,2020-10-07 13:15:52,eboasson,4f0d45f7093b4b9c33397a194828aed6ba6d60a6,2,eboasson
15,2020-10-07 13:15:52,eboasson,150eb252c8bb5cdfd125b07f6064c6a94fd4f788,10,eboasson
16,2020-10-07 13:15:52,eboasson,3bf9b701fa47d0762679722711e4a407c754d7b0,46,eboasson
17,2020-10-07 13:15:52,eboasson,74791b9e68620e10e7ac8571a049757335a1b355,10,eboasson
18,2020-10-07 13:15:52,eboasson,4f9400a3d7f0ab3560229544012f05e52f989142,34,eboasson
19,2020-10-07 13:15:52,eboasson,ee8cf753c93885b6cde9588829265096a66c9e00,56,eboasson
20,2020-10-07 13:15:52,eboasson,52cb9b3bf4c30777cc6282dbe7ec6d8f6e85767c,120,eboasson
21,2020-10-07 13:15:52,eboasson,9db1e94f534dbf5160b50d5ddef82af5e33ab77a,72,eboasson
22,2020-10-07 13:15:52,eboasson,4f659e9248726fa38aabca4c5ef3f0d5158e7bce,4,eboasson
23,2020-10-07 13:15:52,eboasson,ccae184e4247ee9d2863cb3f5185b4c6dcf58a8b,29,eboasson
24,2020-10-07 13:15:52,eboasson,167c6e1f88abc7b5599735596baf37343ac8f89a,236,eboasson
25,2020-10-07 13:15:52,eboasson,6902c1282657766ceb479b70cdb6966dde42c246,32,eboasson
26,2020-10-07 13:15:52,eboasson,060948b3509cbb1b9bae1bfc26e6514a9c940e0a,128,eboasson
27,2020-10-07 13:15:52,eboasson,940a02a9f98a9be8138b71a5e3cb62ea78a28a75,44,eboasson
28,2020-10-07 13:15:52,eboasson,24d8067c8d92673303841c6fdc7ebdf8e82e1252,18,eboasson
29,2020-10-07 13:15:52,eboasson,b2f039d45ab98135b84374f160991d0a988b8122,18,eboasson
30,2020-09-29 12:10:05,eboasson,b423cb7529da6867cc14a7d627375f7d8eff6dc6,36,eboasson
31,2020-09-29 12:10:05,eboasson,a68b1b5037e8af3153a10f272fd375dda80e72ac,747,eboasson
32,2020-09-29 12:10:05,eboasson,8d4974d3cc145d4392323877e8f1f3fd0222bec2,435,eboasson
33,2020-09-29 12:10:05,eboasson,5cb63e795e5267c2c0846fb8feaf3f06e3eec6a2,79,eboasson
34,2020-09-29 12:10:05,eboasson,e4faabf899cdb3938974a73488def596b99bb191,63,eboasson
35,2020-09-29 12:10:05,k0ekk0ek,aba5e78760b9415d21beb8319b0af0c2b730ce9a,2,k0ekk0ek
36,2020-09-29 12:10:05,k0ekk0ek,e77498c2a960c9170f10af68ac7038ab79b6e924,1,k0ekk0ek
37,2020-09-29 12:10:05,k0ekk0ek,9599548d0a94db04d7b07a8179c36b9792f76165,2,k0ekk0ek
38,2020-09-29 12:10:05,k0ekk0ek,7456b8b6a8ab72cb22d7421aba3d7f59b468cce2,10,k0ekk0ek
39,2020-09-29 12:10:05,k0ekk0ek,f27049365630c625650ebd54d2a22cb849bcd450,6,k0ekk0ek
40,2020-09-29 12:10:05,k0ekk0ek,f99cdd9b98236807298f678668ecced766ec7cdb,14,k0ekk0ek
41,2020-09-29 12:10:05,k0ekk0ek,6f8850f8d074d98810a1f0093ac8040f5b68a339,10,k0ekk0ek
42,2020-09-29 12:10:05,eboasson,fca2c0350da6c2cd63d8811e6be5fd4de9536d65,21,eboasson
43,2020-09-29 12:10:05,eboasson,c0877ffd27fc03668deb965f83184200c68ca553,2,eboasson
44,2020-09-29 12:10:05,eboasson,4062983a35bc9ef62fa93ac51b163394351501c0,4,eboasson
45,2020-09-29 12:10:05,eboasson,f0a5ebf1c9255a22b5634aafb4cf08736918e1e7,503,eboasson
46,2020-09-29 12:10:05,k0ekk0ek,eb12a8da00b403a1458513873faae8807e13fcd7,22,k0ekk0ek
47,2020-09-29 12:10:05,k0ekk0ek,14ca96a0901d9b40cb4db2d16afb0fdbea8564c8,2,k0ekk0ek
48,2020-09-29 12:10:05,k0ekk0ek,f70b131092836e1d2495ffb64ff3fd88e393a34e,38,k0ekk0ek
49,2020-09-29 12:10:05,k0ekk0ek,8e07f3e32979d9917dde627e8b835eb54ec2c81a,7,k0ekk0ek
50,2020-09-29 12:10:05,k0ekk0ek,0c6c1ff17f154f3d8943f5ef752d997fb292cbc1,84,k0ekk0ek
51,2020-09-29 12:10:05,k0ekk0ek,016223a831392b9ee92614dea4f2f870fa0ed905,173,k0ekk0ek
52,2020-09-29 12:10:05,k0ekk0ek,b6e867b86bf596daf57205e7dbf17d4992c70787,10,k0ekk0ek
53,2020-09-29 12:10:05,k0ekk0ek,9c43bcc36f391cd239c1da37a93ca637996f0dda,925,k0ekk0ek
54,2020-09-29 12:10:05,eboasson,2bf89d4d8be08c4ae91d4cf972b673520345aa2a,23,eboasson
55,2020-09-29 12:10:05,k0ekk0ek,25861afec16f2647c207ac369d73770d7a74aafc,2,k0ekk0ek
56,2020-09-29 12:10:05,k0ekk0ek,87283981c62f7ce9fe539efefb40bdd13fb6048a,67,k0ekk0ek
57,2020-09-29 12:10:05,ThijsSassen,95b9718608fb6fc119a6698c4b4ce9669858865a,3,k0ekk0ek
58,2020-09-29 12:10:05,eboasson,a7d00dbaeb09f2a0b2c1e9f570ac3863dc678786,17,eboasson
59,2020-09-29 12:10:05,k0ekk0ek,c261053186c455abc63ca5ac7d56c0808a59c364,10,k0ekk0ek
60,2020-08-03 16:19:25,k0ekk0ek,8445394e2a24e8c2f185256e414ba3288d5199db,149,k0ekk0ek
61,2020-08-03 16:19:25,lygstate,b9c2553a7b4650f4cb8981017ec0ac01f333fb3e,25,eboasson
62,2020-08-03 16:19:25,eboasson,fd3297d3e0d08cd64f4dd35de999afcd76e94261,6,eboasson
63,2020-08-03 16:19:25,eboasson,8a06ac007cba5cdcd303a60c5689df653821d878,4,eboasson
64,2020-08-03 16:19:25,eboasson,1f5f4230597c41725605646cfdc67e8575a28057,92,eboasson
65,2020-08-03 16:19:25,eboasson,d11066bf84f8fbee346cce02afc1edaca3b8d3d8,180,eboasson
66,2020-08-03 16:19:25,eboasson,e06959abb6194d56ed5c968c30091f862d0d9d6f,628,eboasson
67,2020-08-03 16:19:25,eboasson,39d55550cee4a18f6cf9f7790b0c8561c7edd353,7,eboasson
68,2020-08-03 16:19:25,eboasson,79773729d6bc3b5b21599d88c1664f8a21d4d0bf,752,eboasson
69,2020-08-03 16:19:25,eboasson,fac58ab1a93aeb5985272ca5f4fe08ebf252651a,558,eboasson
70,2020-08-03 16:19:25,eboasson,dafd73e7e8b92f106ac558a4cc87ee523b27ba3f,16,eboasson
71,2020-08-03 16:19:25,eboasson,79da3bb879e22335cab87379498af6b7855db35a,2,eboasson
72,2020-08-03 16:19:25,eboasson,c3f97b3740de3cfb86b24ec9e72ac67da46b010f,8,eboasson
73,2020-08-03 16:19:25,eboasson,1d0505f24493a8ee1394170b401daf86882c7e87,32,eboasson
74,2020-08-03 16:19:25,eboasson,41cc5953e084acfe1b45afc71e02d5cd870118ca,23,eboasson
75,2020-08-03 16:19:25,eboasson,1f8c4f2a4c79495e6eb126ecfde75fe0345161ca,90,eboasson
76,2020-08-03 16:19:25,eboasson,7cbf8b7a197f0d77a63139e00b857c745fb2e1c5,55,eboasson
77,2020-08-03 16:19:25,eboasson,d19dcbbd1a3b0310bcf1881d9f53ff895c25f3e0,6,eboasson
78,2020-08-03 16:19:25,eboasson,e9463c57b26cc0edb654e2844d8f55212335400b,75,eboasson
79,2020-08-03 16:19:25,eboasson,3e35b2967c7c56cb30f1561b5f5c54548cb459fc,54,eboasson
80,2020-08-03 16:19:25,eboasson,4614f11168814b81c370b182bdb97590715f29db,38,eboasson
81,2020-08-03 16:19:25,eboasson,0ee65ecab0f69f3f3357873953c6b1076f40b305,9,eboasson
82,2020-08-03 16:19:25,eboasson,5a4193ca37ece13c4a0d80e2d4ce3cf19df0bbde,6,eboasson
83,2020-08-03 16:19:25,eboasson,dff08536c4a3a3a493da6924dbc2ccbb13b913fc,611,eboasson
84,2020-08-03 16:19:25,eboasson,b116e6e41e9a5206304082d122b3c918825eeb76,322,eboasson
85,2020-08-03 16:19:25,eboasson,63b1a7179b5055e48797e0ec22b4ea7c2a4cbea3,1246,eboasson
86,2020-08-03 16:19:25,eboasson,0a4c863f11566a5b466835dd20bd73fc95cb4562,256,eboasson
87,2020-08-03 16:19:25,eboasson,b5c0eab2fb865be145c8841a939cc4c741289e27,8,eboasson
88,2020-08-03 16:19:25,eboasson,312df3260519fe3197befa7d872daec382331432,10,eboasson
89,2020-08-03 16:19:25,eboasson,66daba9f2f208069c5ca1818bf15283cc5ef8ccb,425,eboasson
90,2020-07-06 09:40:56,eboasson,82e6a7972c0dc729412a6b444990ccb66524cd76,45,eboasson
91,2020-07-06 09:40:56,eboasson,7fbbc13e654d90d07ef746f0705825df3190b596,145,eboasson
92,2020-07-06 09:40:56,eboasson,eb2a273c1e5010be4695870adbe952aeaa29daf2,2,eboasson
93,2020-07-06 09:40:56,eboasson,18d4bc96990b7387f968aee5ea96d7537bb7fc25,85,eboasson
94,2020-07-06 09:40:56,eboasson,fb7034e28f00dd9318793905f81eb742642b200d,88,eboasson
95,2020-07-06 09:40:56,eboasson,22965a0fd7841c3bec2069e197549e4185953601,50,eboasson
96,2020-07-06 09:40:56,eboasson,bffe386f2d5f71066c8e6be70e61c0195360730c,43,eboasson
97,2020-07-06 09:40:56,eboasson,f33867e88430deced799f108b2514b951fddd25d,59,eboasson
98,2020-07-06 09:40:56,eboasson,e1ac4d7095d688eeea15f423f0482c72a297e0c2,5,eboasson
99,2020-07-06 09:40:56,eboasson,5c94a07771924eab35b0609074581c89475cc6fa,11,eboasson
100,2020-07-06 09:40:56,eboasson,fe89d216a5ff19bf5927bb046606aba29f85cc68,739,eboasson
101,2020-07-06 09:40:56,eboasson,e005c8924048305f3aa01ccd3951544835d922f8,44,eboasson
102,2020-07-06 09:40:56,eboasson,94c796507741e5baf436d2c0a039fc2acb2d1257,4,eboasson
103,2020-07-06 09:40:56,k0ekk0ek,f22d7974f70e3c1cd0ae2c1050f7b843ccf90a47,130,k0ekk0ek
104,2020-07-06 09:40:56,k0ekk0ek,f4e99f41f6064008a0513e8da09106266a920377,231,k0ekk0ek
105,2020-07-06 09:40:56,k0ekk0ek,93c75186f0fca9abf63b86cbfd01386926ff1734,3,k0ekk0ek
106,2020-07-06 09:40:56,eboasson,5d7f2fd438473770cce86c7a317436d2ed2c71a5,9,eboasson
107,2020-07-06 09:40:56,eboasson,812fa3e42fb7d4a64b8e3ad55f65a905da8f1472,304,eboasson
108,2020-07-06 09:40:56,k0ekk0ek,ad2fa331bd0f04e1bad3671bcff52fd4dcb910ed,2,k0ekk0ek
109,2020-07-06 09:40:56,k0ekk0ek,b25f10ff3324dbfaa6232eb5145cbbe9a832c05d,10689,k0ekk0ek
110,2020-07-06 09:40:56,k0ekk0ek,9c040999370e5e939fbe5d4e2bf35fe534df6f1e,4,k0ekk0ek
111,2020-07-06 09:40:56,mikaelarguedas,768b92774f56a36434d40cd84f760a5edcd88ddd,6,k0ekk0ek
112,2020-07-06 09:40:56,robinlinden,8029274fec8a5bf45f87e86dfac5bb85d817182b,4,k0ekk0ek
113,2020-07-06 09:40:56,MarcelJordense,c67f8bc73c65bb0fa5a7c54f45fa764c27b0849b,65,k0ekk0ek
114,2020-07-06 09:40:56,eboasson,f08b4e0c5d8959b72e938b890410d4e2dfdd304f,11,eboasson
115,2020-07-06 09:40:56,eboasson,ece3a78211ff21b4b7bc2e5c3aa00d055d7925b2,474,eboasson
116,2020-07-06 09:40:56,eboasson,8a748e1868a84f67b4db85cc35e74c042bc61d1c,4,eboasson
117,2020-07-06 09:40:56,eboasson,37057446813d049ecf4595a0a42bf88ef6d409af,2,eboasson
118,2020-07-06 09:40:56,eboasson,ca79eeb7b9a437e8cc2d8fe412c57fbce1a58d17,50,eboasson
119,2020-07-06 09:40:56,eboasson,5588edb33eeb37aea1888853a0a14653999dcea8,139,eboasson
120,2020-06-06 11:52:01,eboasson,84abf48d4aeb4737af6fc2f5bf5af6904aae8f97,279,eboasson
121,2020-06-06 11:52:01,MarcelJordense,efefb5009f3e62a780ad6ff670325a9451fff363,4,eboasson
122,2020-06-06 11:52:01,eboasson,9c31f48bea415f09050f9d28d9a3c65cf5a673f8,8,eboasson
123,2020-06-06 11:52:01,eboasson,6161f5c44d4caa21f375276689ea426c4a00006c,432,eboasson
124,2020-06-06 11:52:01,eboasson,25792565350537f76fd92fe5ba03df5dd5e31dae,19,eboasson
125,2020-06-06 11:52:01,eboasson,99d136414541453873cccb40a35ff4de11bca109,25,eboasson
126,2020-06-06 11:52:01,eboasson,4cc018cfd7dcc1a1042623a2408fb301f234791e,2,eboasson
127,2020-06-06 11:52:01,eboasson,8ae005a05a0a5dd71428eb876218f78cb0d1a4c9,9,eboasson
128,2020-06-06 11:52:01,eboasson,ca8742bfba653631c9f0be3bad69a5f47cfae3e4,16,eboasson
129,2020-06-06 11:52:01,eboasson,2287d7cd065af453cbc60dd8bb79010381b2d674,279,web-flow
130,2020-06-06 11:52:01,prasannabhat,54c15c2b7e7a827180fe621968ebd21e76c7e95f,51,prasannabhat
131,2020-06-06 11:52:01,eboasson,3030a81528998688d2b3966cedf92a9f54ec7893,105178,web-flow
132,2020-06-06 11:52:01,dennis-adlink,62608242518b6e3cb0194a9c19f9ef41c55e823f,1,eboasson
133,2020-06-06 11:52:01,eboasson,7c7814e878ec5a4534d3ad210cfc65acda9cfa82,12,eboasson
134,2020-06-06 11:52:01,eboasson,6a9ebf88eba8b73091a38d200129f45c6836f78e,882,eboasson
135,2020-06-06 11:52:01,dodsonmg,0b50928dd3683b97663ed7dc41f158851676e468,350,eboasson
136,2020-06-06 11:52:01,dennis-adlink,cc8308819d75958bf84dc2cf43e8c667afbbf2a5,135,eboasson
137,2020-06-06 11:52:01,eboasson,d4013f9c82f531cdcd6e9eaf3867595dc2ffa822,28,eboasson
138,2020-06-06 11:52:01,eboasson,296b49cf2077bf262ca9d97f5117e6669e081f6b,42,eboasson
139,2020-06-06 11:52:01,eboasson,2aa70548cc05a851f8f205861e9f6c04b76c5587,8,eboasson
140,2020-06-06 11:52:01,eboasson,a292e800acf11d67a13fc7fe26bc747769b2ea60,76,eboasson
141,2020-06-06 11:52:01,eboasson,be7f7af7416668492bf1cebc2db8f82266737ba7,177,eboasson
142,2020-06-06 11:52:01,eboasson,2ef17d02008155a11392fedf65cd7c6d46594ae4,3,eboasson
143,2020-06-06 11:52:01,eboasson,1b448dee9bf9c133e9c47a56db175faf69ddc26f,169,eboasson
144,2020-06-06 11:52:01,eboasson,fe81a6bda50cd84cb6537524c8f07884f122fafd,34,eboasson
145,2020-06-06 11:52:01,eboasson,8fea8d56731887d1f7a2b9755d038602e8a5f3d8,10,eboasson
146,2020-06-06 11:52:01,eboasson,659e7dc446909115b9f1aa2a4fe4ff0a7f37165b,19,eboasson
147,2020-06-06 11:52:01,eboasson,0b6ea7946924ea0b66174aa9cdb9de0ad17e65ad,5,eboasson
148,2020-06-06 11:52:01,eboasson,b9660e46c9a2f2944be6b653907e3c1dfe7d8a63,34,eboasson
149,2020-06-06 11:52:01,eboasson,bb95de69c362c7b51fe2d643bc960a9e0472adeb,45,eboasson
150,2020-05-16 09:38:05,eboasson,d5d44cc8be3538f72c18d532ff803df19de19f94,3081,eboasson
151,2020-05-16 09:38:05,eboasson,7897dff9ce39110edc23dd14b0c9943529c50e64,3,eboasson
152,2020-05-16 09:38:05,eboasson,db4f96dc02eeaeabbdfe3399e697644c59dc666c,1,eboasson
153,2020-05-16 09:38:05,eboasson,4447fb87ee2acb283bf8b7eaa5b60ab2f38f210f,8,eboasson
154,2020-05-16 09:38:05,eboasson,fa7999c5d8075284b0d6a3aba7c315f7cf1fa636,23,eboasson
155,2020-05-16 09:38:05,eboasson,59a2b9d273112a6d2a39d6b19cbc31158f8fa8e1,13,eboasson
156,2020-05-16 09:38:05,eboasson,fa6dbe6c3d845813b4d6ac99e62f7245531b10db,30,eboasson
157,2020-05-16 09:38:05,eboasson,a0d7b71e52e981a0146e577cfd40f10b466dd5df,40,eboasson
158,2020-05-16 09:38:05,eboasson,58e02d0b12c2c53aa075048712445f1b764cab43,4,eboasson
159,2020-05-16 09:38:05,eboasson,02ed74e6bdcfee32512c454e780663768903ba88,2,eboasson
160,2020-05-16 09:38:05,eboasson,bf25c6ec807c1b33b23e5369d3715cce8b2fc7f0,3,eboasson
161,2020-05-16 09:38:05,eboasson,06a0ba26c935421297cc5f77841011e6ef0f7e2b,2259,eboasson
162,2020-05-16 09:38:05,eboasson,23678edad535b0bb76a0e52127bd13a93248aeff,37,eboasson
163,2020-05-16 09:38:05,eboasson,6ee69374ec67d58af3fdab2d744774ec35140a55,28,eboasson
164,2020-05-16 09:38:05,eboasson,ebdb3fc5cf38c3bee423155d064842f4859d1e8d,245,eboasson
165,2020-05-16 09:38:05,eboasson,6800887a7433796e1731c86a94d15731b90145d7,4,eboasson
166,2020-05-16 09:38:05,eboasson,0be287b67bca5e778cd42ef4a7d92a202d3c6619,6,eboasson
167,2020-05-16 09:38:05,eboasson,347b6edf047cb8ba08da6ef21c7a06623d19e82e,14,eboasson
168,2020-05-16 09:38:05,eboasson,7f8f1d1a125a060168d4d563ba7db95d4043781f,117,eboasson
169,2020-05-16 09:38:05,eboasson,c29a81b339de245dd3fd13152c00e70bbadb9c8e,129,eboasson
170,2020-05-16 09:38:05,eboasson,ff591ae68469e36031ed5d43c5491fc269e0ac3d,101,eboasson
171,2020-05-16 09:38:05,eboasson,8b934a7dddb9a10b2d95228286b366edab8357d7,135,eboasson
172,2020-05-16 09:38:05,eboasson,0006e09566c8050be22b258335d48c4cc4e59b7c,88,eboasson
173,2020-05-16 09:38:05,eboasson,9aef05542f4d00a060b036e50a1a3e1118ddf7c7,729,eboasson
174,2020-05-16 09:38:05,eboasson,5f829684effc2e68c13a46fb1789cbc6397f8ce7,81,eboasson
175,2020-05-16 09:38:05,rotu,761ffa6db2ee1e4c6d22e495e609179a5ec5b22f,1,eboasson
176,2020-05-16 09:38:05,dennis-adlink,2e6ea36fda40e62e02444c8dc53d5e222b49e66e,7,eboasson
177,2020-05-16 09:38:05,dennis-adlink,a151c5f1845f2934f675ebc5a099557f381049a8,237,eboasson
178,2020-05-16 09:38:05,dennis-adlink,32bba389c854754c4d69eaf813c3fe4763d5c9c0,68,eboasson
179,2020-05-16 09:38:05,dennis-adlink,48e411bb766b8ae99f6f0db6bb83fc18edf229cc,14,eboasson
180,2020-05-15 13:35:31,dennis-adlink,24594f68fbf018a06539c0be0b3d87b6d741e6ba,75,eboasson
181,2020-05-15 13:35:31,dennis-adlink,edcbe1b22e3bea4c93261df7906bccc5ef7840a1,294,eboasson
182,2020-05-15 13:35:31,dennis-adlink,cf75263d1da2b326f5e4e152a2b5c131e3f75c18,312,eboasson
183,2020-05-15 13:35:31,dennis-adlink,9ba54c70e73255ae46d85587936954eeb3ab1f65,4,eboasson
184,2020-05-15 13:35:31,dennis-adlink,6185a5ab2a0092f0cbc1a6ad8410e4229276f6a4,312,eboasson
185,2020-05-15 13:35:31,dennis-adlink,2fc2cdc22533047dc93000fe502d4edb3956f5f4,22,eboasson
186,2020-05-15 13:35:31,dennis-adlink,155f8c059d560ee3cf75e991bf5f5a84465933dc,280,eboasson
187,2020-05-15 13:35:31,dennis-adlink,45adb6f0c7c4c1cfa1f365f304e2ac7671bcb3a7,169,eboasson
188,2020-05-15 13:35:31,dennis-adlink,0348bb274164fa96272f74ea5ef43de0a69f5585,54,eboasson
189,2020-05-15 13:35:31,dennis-adlink,231d8200520437f39d31b6b941aea59029d0d8ea,357,eboasson
190,2020-05-15 13:35:31,dennis-adlink,9f261423e3ef0727a960001cc4c23f918f5474ea,452,eboasson
191,2020-05-15 13:35:31,dennis-adlink,fd27604a26cd2f3e1bbef0d8403eeb9340f937a3,521,eboasson
192,2020-05-15 13:35:31,eboasson,82af49172d8ebfd940f6abfc6a310aab7e50bc37,828,web-flow
193,2020-05-15 13:35:31,prasannabhat,9df768b0f3119e9c54e8db7008a5e5d19d63ced5,65,prasannabhat
194,2020-05-15 13:35:31,prasannabhat,8776c3213bb7aa5f2415ba03dbbd5aae7361ccc9,68,prasannabhat
195,2020-05-15 13:35:31,prasannabhat,8fc3f4bc719edd212c86646c4bb7fa967e86d122,127,prasannabhat
196,2020-05-15 13:35:31,eboasson,364f1ce39cb3c63e6e92a49e06035103fe785089,4,eboasson
197,2020-05-15 13:35:31,eboasson,2da100a3c7b30e0903dd78ce4efe275414aa47a0,828,eboasson
198,2020-05-15 13:35:31,MarcelJordense,e1899df62d7c09d452543eada4bdf3d7f79ee4fc,87,eboasson
199,2020-05-15 13:35:31,MarcelJordense,860f261dc6b94ee354f6e2c34f9f7506704b7818,18,eboasson
200,2020-05-15 13:35:31,MarcelJordense,720c8f8fbf0cd08b96a849eb660b8d72dd3f9bf5,19,eboasson
201,2020-05-15 13:35:31,MarcelJordense,623a5c02bdfe6a54d25440de1acd5f5c8a56bc88,403,eboasson
202,2020-05-15 13:35:31,eboasson,96248d1e6d03d06705f72808126dae6bc2b4d3fd,22,eboasson
203,2020-05-15 13:35:31,eboasson,3c1b14e6cb49e8a8129ada92e87d40a83b5f4ebe,6,eboasson
204,2020-05-15 13:35:31,eboasson,f8ed1f4adf9a2f27f0d0a22b198750204f552f5f,11,eboasson
205,2020-05-15 13:35:31,k0ekk0ek,45a50306839a55a1e14cb16124f64adcc3575973,162,web-flow
206,2020-05-15 13:35:31,eboasson,209edf0efba01f9fce24e6b46cd3e970f40e0a1a,50,eboasson
207,2020-05-15 13:35:31,okellogg,1890322d4eb372982459ed2ff9f27c9e90e51886,50,eboasson
208,2020-05-15 13:35:31,dennis-adlink,4ac06895f0b0969c32ebfec31bec6964bf32f015,23,eboasson
209,2020-05-15 13:35:31,dennis-adlink,2aa0195d530fd2c72da79893dd28aa1c0ccb5d21,82,eboasson
210,2020-04-22 15:41:27,dennis-adlink,b86e8ce0d3d112da105641c912952c7770b8299e,62,eboasson
211,2020-04-22 15:41:27,dennis-adlink,7e6039763baef71ad0ca741b045ada3f111968e9,83,eboasson
212,2020-04-22 15:41:27,dennis-adlink,e8c349f96d3a42d9ce204d39ef7edd7311cbbbc9,6,eboasson
213,2020-04-22 15:41:27,dennis-adlink,19bc6f33cc1956db668b2468be3dc47880fbb40a,1487,eboasson
214,2020-04-22 15:41:27,dodsonmg,004932817e111597db65e6b332f92ae9bbe9fe30,35,eboasson
215,2020-04-22 15:41:27,eboasson,080514d45a21cc1d7f6dcc441514d52b71bc77a7,10,eboasson
216,2020-04-22 15:41:27,eboasson,d22032c9460e691f6a9f1b98ff50bcfbc7d8820c,2,eboasson
217,2020-04-22 15:41:27,dennis-adlink,e8dfbabd0c8a72a421cefd834462100397348e84,135,eboasson
218,2020-04-22 15:41:27,dennis-adlink,c89f858b7373052f80781be1f25dd9fc070e292d,3,eboasson
219,2020-04-22 15:41:27,dennis-adlink,680c2ebf8cd1584d4bf6ae7d2dbd26b8fe8587e7,2,eboasson
220,2020-04-22 15:41:27,dennis-adlink,dae562c6028ef11c5ac6ee6b8190b9e53687ead8,22,eboasson
221,2020-04-22 15:41:27,dennis-adlink,bfb48e6e585dbee98072f9731a22997b8daf2ee9,163,eboasson
222,2020-04-22 15:41:27,dennis-adlink,5e721c99e5894bae869f726b0fc763e3cacefb35,252,eboasson
223,2020-04-22 15:41:27,dennis-adlink,e3056402fc01f7415a94f6ef87cc4f219548b51f,78,eboasson
224,2020-04-22 15:41:27,dennis-adlink,736d0a027a8fc9baeb76ae2ebedfd6060a79511f,748,eboasson
225,2020-04-22 15:41:27,dennis-adlink,d53cdce8fe27b587c14232dcd8920192ff3b83c2,137,eboasson
226,2020-04-22 15:41:27,dennis-adlink,e6500b65280ac2acdaa9994e9aa6a210cd3cba5c,1735,eboasson
227,2020-04-22 15:41:27,dennis-adlink,a6a9d1f7c166790384ee4139288af80a0c1d35db,1315,eboasson
228,2020-04-22 15:41:27,dodsonmg,b513eaac00eb4a9a100506a59f85cdcff1e7d96d,8,k0ekk0ek
229,2020-04-22 15:41:27,MarcelJordense,534eac2a11f58aff0e670e189b6aebc1adb0a32a,719,eboasson
230,2020-04-22 15:41:27,rotu,b46bd7ffff53a86375f36010049bbc19294e7d0d,3,eboasson
231,2020-04-22 15:41:27,rotu,40549783d9beac395a44f9c92defdb6423678924,40,eboasson
232,2020-04-22 15:41:27,dennis-adlink,829e33ac82a1b064fa67e730e277046fe5b21ea2,2,eboasson
233,2020-04-22 15:41:27,dennis-adlink,1e484a3c6ff604ed472015e4dca39dfcfb440996,386,eboasson
234,2020-04-22 15:41:27,dennis-adlink,3a838f6912bb8be74b08a5ccfb5966ad465789dd,31,eboasson
235,2020-04-22 15:41:27,dennis-adlink,b2b9630c38b556530001168ce8177e85b56876c3,8,eboasson
236,2020-04-22 15:41:27,eboasson,1fd4ab290fcd11ad78f63e9070dd9cfcc8ec6ff3,2,eboasson
237,2020-04-22 15:41:27,eboasson,e88552123c4c3c4164fb909b798b3d6147d2de9d,8,eboasson
238,2020-04-22 15:41:27,eboasson,52edbe94e98e8d2c1ef98610ef30f3bcb2f8d774,23,eboasson
239,2020-04-22 15:41:27,eboasson,45c0f432a9c72fddf1ae0cce4761e8a92cb567e4,73,eboasson
